timestamp,value
21-11-16 0:00,0
21-11-16 1:00,0
21-11-16 2:00,0
21-11-16 3:00,0
21-11-16 4:00,0
21-11-16 5:00,0
21-11-16 6:00,0
21-11-16 7:00,932.2618242
21-11-16 8:00,932.2618242
21-11-16 9:00,932.2618242
21-11-16 10:00,932.2618242
21-11-16 11:00,932.2618242
21-11-16 12:00,932.2618242
21-11-16 13:00,932.2618242
21-11-16 14:00,932.2618242
21-11-16 15:00,932.2618242
21-11-16 16:00,932.2618242
21-11-16 17:00,0
21-11-16 18:00,0
21-11-16 19:00,0
21-11-16 20:00,0
21-11-16 21:00,0
21-11-16 22:00,0
21-11-16 23:00,0
22-11-16 0:00,0
22-11-16 1:00,0
22-11-16 2:00,0
22-11-16 3:00,0
22-11-16 4:00,0
22-11-16 5:00,0
22-11-16 6:00,0
22-11-16 7:00,932.2618242
22-11-16 8:00,932.2618242
22-11-16 9:00,932.2618242
22-11-16 10:00,932.2618242
22-11-16 11:00,932.2618242
22-11-16 12:00,932.2618242
22-11-16 13:00,932.2618242
22-11-16 14:00,932.2618242
22-11-16 15:00,932.2618242
22-11-16 16:00,932.2618242
22-11-16 17:00,0
22-11-16 18:00,0
22-11-16 19:00,0
22-11-16 20:00,0
22-11-16 21:00,0
22-11-16 22:00,0
22-11-16 23:00,0
23-11-16 0:00,0
23-11-16 1:00,0
23-11-16 2:00,0
23-11-16 3:00,0
23-11-16 4:00,0
23-11-16 5:00,0
23-11-16 6:00,0
23-11-16 7:00,932.2618242
23-11-16 8:00,932.2618242
23-11-16 9:00,932.2618242
23-11-16 10:00,932.2618242
23-11-16 11:00,932.2618242
23-11-16 12:00,932.2618242
23-11-16 13:00,932.2618242
23-11-16 14:00,932.2618242
23-11-16 15:00,932.2618242
23-11-16 16:00,932.2618242
23-11-16 17:00,0
23-11-16 18:00,0
23-11-16 19:00,0
23-11-16 20:00,0
23-11-16 21:00,0
23-11-16 22:00,0
23-11-16 23:00,0
24-11-16 0:00,0
24-11-16 1:00,0
24-11-16 2:00,0
24-11-16 3:00,0
24-11-16 4:00,0
24-11-16 5:00,0
24-11-16 6:00,0
24-11-16 7:00,932.2618242
24-11-16 8:00,932.2618242
24-11-16 9:00,932.2618242
24-11-16 10:00,932.2618242
24-11-16 11:00,932.2618242
24-11-16 12:00,932.2618242
24-11-16 13:00,932.2618242
24-11-16 14:00,932.2618242
24-11-16 15:00,932.2618242
24-11-16 16:00,932.2618242
24-11-16 17:00,0
24-11-16 18:00,0
24-11-16 19:00,0
24-11-16 20:00,0
24-11-16 21:00,0
24-11-16 22:00,0
24-11-16 23:00,0
25-11-16 0:00,0
25-11-16 1:00,0
25-11-16 2:00,0
25-11-16 3:00,0
25-11-16 4:00,0
25-11-16 5:00,0
25-11-16 6:00,0
25-11-16 7:00,932.2618242
25-11-16 8:00,932.2618242
25-11-16 9:00,932.2618242
25-11-16 10:00,932.2618242
25-11-16 11:00,932.2618242
25-11-16 12:00,932.2618242
25-11-16 13:00,932.2618242
25-11-16 14:00,932.2618242
25-11-16 15:00,932.2618242
25-11-16 16:00,932.2618242
25-11-16 17:00,0
25-11-16 18:00,0
25-11-16 19:00,0
25-11-16 20:00,0
25-11-16 21:00,0
25-11-16 22:00,0
25-11-16 23:00,0
26-11-16 0:00,0
26-11-16 1:00,0
26-11-16 2:00,0
26-11-16 3:00,0
26-11-16 4:00,0
26-11-16 5:00,0
26-11-16 6:00,0
26-11-16 7:00,0
26-11-16 8:00,0
26-11-16 9:00,0
26-11-16 10:00,0
26-11-16 11:00,0
26-11-16 12:00,0
26-11-16 13:00,0
26-11-16 14:00,0
26-11-16 15:00,0
26-11-16 16:00,0
26-11-16 17:00,0
26-11-16 18:00,0
26-11-16 19:00,0
26-11-16 20:00,0
26-11-16 21:00,0
26-11-16 22:00,0
26-11-16 23:00,0
27-11-16 0:00,0
27-11-16 1:00,0
27-11-16 2:00,0
27-11-16 3:00,0
27-11-16 4:00,0
27-11-16 5:00,0
27-11-16 6:00,0
27-11-16 7:00,0
27-11-16 8:00,0
27-11-16 9:00,0
27-11-16 10:00,0
27-11-16 11:00,0
27-11-16 12:00,0
27-11-16 13:00,0
27-11-16 14:00,0
27-11-16 15:00,0
27-11-16 16:00,0
27-11-16 17:00,0
27-11-16 18:00,0
27-11-16 19:00,0
27-11-16 20:00,0
27-11-16 21:00,0
27-11-16 22:00,0
27-11-16 23:00,0
28-11-16 0:00,0
28-11-16 1:00,0
28-11-16 2:00,0
28-11-16 3:00,0
28-11-16 4:00,0
28-11-16 5:00,0
28-11-16 6:00,0
28-11-16 7:00,1432.401149
28-11-16 8:00,1432.401149
28-11-16 9:00,1432.401149
28-11-16 10:00,1432.401149
28-11-16 11:00,1432.401149
28-11-16 12:00,1432.401149
28-11-16 13:00,1432.401149
28-11-16 14:00,1432.401149
28-11-16 15:00,1432.401149
28-11-16 16:00,1432.401149
28-11-16 17:00,0
28-11-16 18:00,0
28-11-16 19:00,0
28-11-16 20:00,0
28-11-16 21:00,0
28-11-16 22:00,0
28-11-16 23:00,0
29-11-16 0:00,0
29-11-16 1:00,0
29-11-16 2:00,0
29-11-16 3:00,0
29-11-16 4:00,0
29-11-16 5:00,0
29-11-16 6:00,0
29-11-16 7:00,1432.401149
29-11-16 8:00,1432.401149
29-11-16 9:00,1432.401149
29-11-16 10:00,1432.401149
29-11-16 11:00,1432.401149
29-11-16 12:00,1432.401149
29-11-16 13:00,1432.401149
29-11-16 14:00,1432.401149
29-11-16 15:00,1432.401149
29-11-16 16:00,1432.401149
29-11-16 17:00,0
29-11-16 18:00,0
29-11-16 19:00,0
29-11-16 20:00,0
29-11-16 21:00,0
29-11-16 22:00,0
29-11-16 23:00,0
30-11-16 0:00,0
30-11-16 1:00,0
30-11-16 2:00,0
30-11-16 3:00,0
30-11-16 4:00,0
30-11-16 5:00,0
30-11-16 6:00,0
30-11-16 7:00,1432.401149
30-11-16 8:00,1432.401149
30-11-16 9:00,1432.401149
30-11-16 10:00,1432.401149
30-11-16 11:00,1432.401149
30-11-16 12:00,1432.401149
30-11-16 13:00,1432.401149
30-11-16 14:00,1432.401149
30-11-16 15:00,1432.401149
30-11-16 16:00,1432.401149
30-11-16 17:00,0
30-11-16 18:00,0
30-11-16 19:00,0
30-11-16 20:00,0
30-11-16 21:00,0
30-11-16 22:00,0
30-11-16 23:00,0
01-12-16 0:00,0
01-12-16 1:00,0
01-12-16 2:00,0
01-12-16 3:00,0
01-12-16 4:00,0
01-12-16 5:00,0
01-12-16 6:00,0
01-12-16 7:00,1432.401149
01-12-16 8:00,1432.401149
01-12-16 9:00,1432.401149
01-12-16 10:00,1432.401149
01-12-16 11:00,1432.401149
01-12-16 12:00,1432.401149
01-12-16 13:00,1432.401149
01-12-16 14:00,1432.401149
01-12-16 15:00,1432.401149
01-12-16 16:00,1432.401149
01-12-16 17:00,0
01-12-16 18:00,0
01-12-16 19:00,0
01-12-16 20:00,0
01-12-16 21:00,0
01-12-16 22:00,0
01-12-16 23:00,0
02-12-16 0:00,0
02-12-16 1:00,0
02-12-16 2:00,0
02-12-16 3:00,0
02-12-16 4:00,0
02-12-16 5:00,0
02-12-16 6:00,0
02-12-16 7:00,1432.401149
02-12-16 8:00,1432.401149
02-12-16 9:00,1432.401149
02-12-16 10:00,1432.401149
02-12-16 11:00,1432.401149
02-12-16 12:00,1432.401149
02-12-16 13:00,1432.401149
02-12-16 14:00,1432.401149
02-12-16 15:00,1432.401149
02-12-16 16:00,1432.401149
02-12-16 17:00,0
02-12-16 18:00,0
02-12-16 19:00,0
02-12-16 20:00,0
02-12-16 21:00,0
02-12-16 22:00,0
02-12-16 23:00,0
03-12-16 0:00,0
03-12-16 1:00,0
03-12-16 2:00,0
03-12-16 3:00,0
03-12-16 4:00,0
03-12-16 5:00,0
03-12-16 6:00,0
03-12-16 7:00,0
03-12-16 8:00,0
03-12-16 9:00,0
03-12-16 10:00,0
03-12-16 11:00,0
03-12-16 12:00,0
03-12-16 13:00,0
03-12-16 14:00,0
03-12-16 15:00,0
03-12-16 16:00,0
03-12-16 17:00,0
03-12-16 18:00,0
03-12-16 19:00,0
03-12-16 20:00,0
03-12-16 21:00,0
03-12-16 22:00,0
03-12-16 23:00,0
04-12-16 0:00,0
04-12-16 1:00,0
04-12-16 2:00,0
04-12-16 3:00,0
04-12-16 4:00,0
04-12-16 5:00,0
04-12-16 6:00,0
04-12-16 7:00,0
04-12-16 8:00,0
04-12-16 9:00,0
04-12-16 10:00,0
04-12-16 11:00,0
04-12-16 12:00,0
04-12-16 13:00,0
04-12-16 14:00,0
04-12-16 15:00,0
04-12-16 16:00,0
04-12-16 17:00,0
04-12-16 18:00,0
04-12-16 19:00,0
04-12-16 20:00,0
04-12-16 21:00,0
04-12-16 22:00,0
04-12-16 23:00,0
05-12-16 0:00,0
05-12-16 1:00,0
05-12-16 2:00,0
05-12-16 3:00,0
05-12-16 4:00,0
05-12-16 5:00,0
05-12-16 6:00,0
05-12-16 7:00,1296.690551
05-12-16 8:00,1296.690551
05-12-16 9:00,1296.690551
05-12-16 10:00,1296.690551
05-12-16 11:00,1296.690551
05-12-16 12:00,1296.690551
05-12-16 13:00,1296.690551
05-12-16 14:00,1296.690551
05-12-16 15:00,1296.690551
05-12-16 16:00,1296.690551
05-12-16 17:00,0
05-12-16 18:00,0
05-12-16 19:00,0
05-12-16 20:00,0
05-12-16 21:00,0
05-12-16 22:00,0
05-12-16 23:00,0
06-12-16 0:00,0
06-12-16 1:00,0
06-12-16 2:00,0
06-12-16 3:00,0
06-12-16 4:00,0
06-12-16 5:00,0
06-12-16 6:00,0
06-12-16 7:00,1296.690551
06-12-16 8:00,1296.690551
06-12-16 9:00,1296.690551
06-12-16 10:00,1296.690551
06-12-16 11:00,1296.690551
06-12-16 12:00,1296.690551
06-12-16 13:00,1296.690551
06-12-16 14:00,1296.690551
06-12-16 15:00,1296.690551
06-12-16 16:00,1296.690551
06-12-16 17:00,0
06-12-16 18:00,0
06-12-16 19:00,0
06-12-16 20:00,0
06-12-16 21:00,0
06-12-16 22:00,0
06-12-16 23:00,0
07-12-16 0:00,0
07-12-16 1:00,0
07-12-16 2:00,0
07-12-16 3:00,0
07-12-16 4:00,0
07-12-16 5:00,0
07-12-16 6:00,0
07-12-16 7:00,1296.690551
07-12-16 8:00,1296.690551
07-12-16 9:00,1296.690551
07-12-16 10:00,1296.690551
07-12-16 11:00,1296.690551
07-12-16 12:00,1296.690551
07-12-16 13:00,1296.690551
07-12-16 14:00,1296.690551
07-12-16 15:00,1296.690551
07-12-16 16:00,1296.690551
07-12-16 17:00,0
07-12-16 18:00,0
07-12-16 19:00,0
07-12-16 20:00,0
07-12-16 21:00,0
07-12-16 22:00,0
07-12-16 23:00,0
08-12-16 0:00,0
08-12-16 1:00,0
08-12-16 2:00,0
08-12-16 3:00,0
08-12-16 4:00,0
08-12-16 5:00,0
08-12-16 6:00,0
08-12-16 7:00,1296.690551
08-12-16 8:00,1296.690551
08-12-16 9:00,1296.690551
08-12-16 10:00,1296.690551
08-12-16 11:00,1296.690551
08-12-16 12:00,1296.690551
08-12-16 13:00,1296.690551
08-12-16 14:00,1296.690551
08-12-16 15:00,1296.690551
08-12-16 16:00,1296.690551
08-12-16 17:00,0
08-12-16 18:00,0
08-12-16 19:00,0
08-12-16 20:00,0
08-12-16 21:00,0
08-12-16 22:00,0
08-12-16 23:00,0
09-12-16 0:00,0
09-12-16 1:00,0
09-12-16 2:00,0
09-12-16 3:00,0
09-12-16 4:00,0
09-12-16 5:00,0
09-12-16 6:00,0
09-12-16 7:00,1296.690551
09-12-16 8:00,1296.690551
09-12-16 9:00,1296.690551
09-12-16 10:00,1296.690551
09-12-16 11:00,1296.690551
09-12-16 12:00,1296.690551
09-12-16 13:00,1296.690551
09-12-16 14:00,1296.690551
09-12-16 15:00,1296.690551
09-12-16 16:00,1296.690551
09-12-16 17:00,0
09-12-16 18:00,0
09-12-16 19:00,0
09-12-16 20:00,0
09-12-16 21:00,0
09-12-16 22:00,0
09-12-16 23:00,0
10-12-16 0:00,0
10-12-16 1:00,0
10-12-16 2:00,0
10-12-16 3:00,0
10-12-16 4:00,0
10-12-16 5:00,0
10-12-16 6:00,0
10-12-16 7:00,0
10-12-16 8:00,0
10-12-16 9:00,0
10-12-16 10:00,0
10-12-16 11:00,0
10-12-16 12:00,0
10-12-16 13:00,0
10-12-16 14:00,0
10-12-16 15:00,0
10-12-16 16:00,0
10-12-16 17:00,0
10-12-16 18:00,0
10-12-16 19:00,0
10-12-16 20:00,0
10-12-16 21:00,0
10-12-16 22:00,0
10-12-16 23:00,0
11-12-16 0:00,0
11-12-16 1:00,0
11-12-16 2:00,0
11-12-16 3:00,0
11-12-16 4:00,0
11-12-16 5:00,0
11-12-16 6:00,0
11-12-16 7:00,0
11-12-16 8:00,0
11-12-16 9:00,0
11-12-16 10:00,0
11-12-16 11:00,0
11-12-16 12:00,0
11-12-16 13:00,0
11-12-16 14:00,0
11-12-16 15:00,0
11-12-16 16:00,0
11-12-16 17:00,0
11-12-16 18:00,0
11-12-16 19:00,0
11-12-16 20:00,0
11-12-16 21:00,0
11-12-16 22:00,0
11-12-16 23:00,0
12-12-16 0:00,0
12-12-16 1:00,0
12-12-16 2:00,0
12-12-16 3:00,0
12-12-16 4:00,0
12-12-16 5:00,0
12-12-16 6:00,0
12-12-16 7:00,1420.537794
12-12-16 8:00,1420.537794
12-12-16 9:00,1420.537794
12-12-16 10:00,1420.537794
12-12-16 11:00,1420.537794
12-12-16 12:00,1420.537794
12-12-16 13:00,1420.537794
12-12-16 14:00,1420.537794
12-12-16 15:00,1420.537794
12-12-16 16:00,1420.537794
12-12-16 17:00,0
12-12-16 18:00,0
12-12-16 19:00,0
12-12-16 20:00,0
12-12-16 21:00,0
12-12-16 22:00,0
12-12-16 23:00,0
13-12-16 0:00,0
13-12-16 1:00,0
13-12-16 2:00,0
13-12-16 3:00,0
13-12-16 4:00,0
13-12-16 5:00,0
13-12-16 6:00,0
13-12-16 7:00,1420.537794
13-12-16 8:00,1420.537794
13-12-16 9:00,1420.537794
13-12-16 10:00,1420.537794
13-12-16 11:00,1420.537794
13-12-16 12:00,1420.537794
13-12-16 13:00,1420.537794
13-12-16 14:00,1420.537794
13-12-16 15:00,1420.537794
13-12-16 16:00,1420.537794
13-12-16 17:00,0
13-12-16 18:00,0
13-12-16 19:00,0
13-12-16 20:00,0
13-12-16 21:00,0
13-12-16 22:00,0
13-12-16 23:00,0
14-12-16 0:00,0
14-12-16 1:00,0
14-12-16 2:00,0
14-12-16 3:00,0
14-12-16 4:00,0
14-12-16 5:00,0
14-12-16 6:00,0
14-12-16 7:00,1420.537794
14-12-16 8:00,1420.537794
14-12-16 9:00,1420.537794
14-12-16 10:00,1420.537794
14-12-16 11:00,1420.537794
14-12-16 12:00,1420.537794
14-12-16 13:00,1420.537794
14-12-16 14:00,1420.537794
14-12-16 15:00,1420.537794
14-12-16 16:00,1420.537794
14-12-16 17:00,0
14-12-16 18:00,0
14-12-16 19:00,0
14-12-16 20:00,0
14-12-16 21:00,0
14-12-16 22:00,0
14-12-16 23:00,0
15-12-16 0:00,0
15-12-16 1:00,0
15-12-16 2:00,0
15-12-16 3:00,0
15-12-16 4:00,0
15-12-16 5:00,0
15-12-16 6:00,0
15-12-16 7:00,1420.537794
15-12-16 8:00,1420.537794
15-12-16 9:00,1420.537794
15-12-16 10:00,1420.537794
15-12-16 11:00,1420.537794
15-12-16 12:00,1420.537794
15-12-16 13:00,1420.537794
15-12-16 14:00,1420.537794
15-12-16 15:00,1420.537794
15-12-16 16:00,1420.537794
15-12-16 17:00,0
15-12-16 18:00,0
15-12-16 19:00,0
15-12-16 20:00,0
15-12-16 21:00,0
15-12-16 22:00,0
15-12-16 23:00,0
16-12-16 0:00,0
16-12-16 1:00,0
16-12-16 2:00,0
16-12-16 3:00,0
16-12-16 4:00,0
16-12-16 5:00,0
16-12-16 6:00,0
16-12-16 7:00,1420.537794
16-12-16 8:00,1420.537794
16-12-16 9:00,1420.537794
16-12-16 10:00,1420.537794
16-12-16 11:00,1420.537794
16-12-16 12:00,1420.537794
16-12-16 13:00,1420.537794
16-12-16 14:00,1420.537794
16-12-16 15:00,1420.537794
16-12-16 16:00,1420.537794
16-12-16 17:00,0
16-12-16 18:00,0
16-12-16 19:00,0
16-12-16 20:00,0
16-12-16 21:00,0
16-12-16 22:00,0
16-12-16 23:00,0
17-12-16 0:00,0
17-12-16 1:00,0
17-12-16 2:00,0
17-12-16 3:00,0
17-12-16 4:00,0
17-12-16 5:00,0
17-12-16 6:00,0
17-12-16 7:00,0
17-12-16 8:00,0
17-12-16 9:00,0
17-12-16 10:00,0
17-12-16 11:00,0
17-12-16 12:00,0
17-12-16 13:00,0
17-12-16 14:00,0
17-12-16 15:00,0
17-12-16 16:00,0
17-12-16 17:00,0
17-12-16 18:00,0
17-12-16 19:00,0
17-12-16 20:00,0
17-12-16 21:00,0
17-12-16 22:00,0
17-12-16 23:00,0
18-12-16 0:00,0
18-12-16 1:00,0
18-12-16 2:00,0
18-12-16 3:00,0
18-12-16 4:00,0
18-12-16 5:00,0
18-12-16 6:00,0
18-12-16 7:00,0
18-12-16 8:00,0
18-12-16 9:00,0
18-12-16 10:00,0
18-12-16 11:00,0
18-12-16 12:00,0
18-12-16 13:00,0
18-12-16 14:00,0
18-12-16 15:00,0
18-12-16 16:00,0
18-12-16 17:00,0
18-12-16 18:00,0
18-12-16 19:00,0
18-12-16 20:00,0
18-12-16 21:00,0
18-12-16 22:00,0
18-12-16 23:00,0
19-12-16 0:00,0
19-12-16 1:00,0
19-12-16 2:00,0
19-12-16 3:00,0
19-12-16 4:00,0
19-12-16 5:00,0
19-12-16 6:00,0
19-12-16 7:00,1505.822306
19-12-16 8:00,1505.822306
19-12-16 9:00,1505.822306
19-12-16 10:00,1505.822306
19-12-16 11:00,1505.822306
19-12-16 12:00,1505.822306
19-12-16 13:00,1505.822306
19-12-16 14:00,1505.822306
19-12-16 15:00,1505.822306
19-12-16 16:00,1505.822306
19-12-16 17:00,0
19-12-16 18:00,0
19-12-16 19:00,0
19-12-16 20:00,0
19-12-16 21:00,0
19-12-16 22:00,0
19-12-16 23:00,0
20-12-16 0:00,0
20-12-16 1:00,0
20-12-16 2:00,0
20-12-16 3:00,0
20-12-16 4:00,0
20-12-16 5:00,0
20-12-16 6:00,0
20-12-16 7:00,1505.822306
20-12-16 8:00,1505.822306
20-12-16 9:00,1505.822306
20-12-16 10:00,1505.822306
20-12-16 11:00,1505.822306
20-12-16 12:00,1505.822306
20-12-16 13:00,1505.822306
20-12-16 14:00,1505.822306
20-12-16 15:00,1505.822306
20-12-16 16:00,1505.822306
20-12-16 17:00,0
20-12-16 18:00,0
20-12-16 19:00,0
20-12-16 20:00,0
20-12-16 21:00,0
20-12-16 22:00,0
20-12-16 23:00,0
21-12-16 0:00,0
21-12-16 1:00,0
21-12-16 2:00,0
21-12-16 3:00,0
21-12-16 4:00,0
21-12-16 5:00,0
21-12-16 6:00,0
21-12-16 7:00,1505.822306
21-12-16 8:00,1505.822306
21-12-16 9:00,1505.822306
21-12-16 10:00,1505.822306
21-12-16 11:00,1505.822306
21-12-16 12:00,1505.822306
21-12-16 13:00,1505.822306
21-12-16 14:00,1505.822306
21-12-16 15:00,1505.822306
21-12-16 16:00,1505.822306
21-12-16 17:00,0
21-12-16 18:00,0
21-12-16 19:00,0
21-12-16 20:00,0
21-12-16 21:00,0
21-12-16 22:00,0
21-12-16 23:00,0
22-12-16 0:00,0
22-12-16 1:00,0
22-12-16 2:00,0
22-12-16 3:00,0
22-12-16 4:00,0
22-12-16 5:00,0
22-12-16 6:00,0
22-12-16 7:00,1505.822306
22-12-16 8:00,1505.822306
22-12-16 9:00,1505.822306
22-12-16 10:00,1505.822306
22-12-16 11:00,1505.822306
22-12-16 12:00,1505.822306
22-12-16 13:00,1505.822306
22-12-16 14:00,1505.822306
22-12-16 15:00,1505.822306
22-12-16 16:00,1505.822306
22-12-16 17:00,0
22-12-16 18:00,0
22-12-16 19:00,0
22-12-16 20:00,0
22-12-16 21:00,0
22-12-16 22:00,0
22-12-16 23:00,0
23-12-16 0:00,0
23-12-16 1:00,0
23-12-16 2:00,0
23-12-16 3:00,0
23-12-16 4:00,0
23-12-16 5:00,0
23-12-16 6:00,0
23-12-16 7:00,1505.822306
23-12-16 8:00,1505.822306
23-12-16 9:00,1505.822306
23-12-16 10:00,1505.822306
23-12-16 11:00,1505.822306
23-12-16 12:00,1505.822306
23-12-16 13:00,1505.822306
23-12-16 14:00,1505.822306
23-12-16 15:00,1505.822306
23-12-16 16:00,1505.822306
23-12-16 17:00,0
23-12-16 18:00,0
23-12-16 19:00,0
23-12-16 20:00,0
23-12-16 21:00,0
23-12-16 22:00,0
23-12-16 23:00,0
24-12-16 0:00,0
24-12-16 1:00,0
24-12-16 2:00,0
24-12-16 3:00,0
24-12-16 4:00,0
24-12-16 5:00,0
24-12-16 6:00,0
24-12-16 7:00,0
24-12-16 8:00,0
24-12-16 9:00,0
24-12-16 10:00,0
24-12-16 11:00,0
24-12-16 12:00,0
24-12-16 13:00,0
24-12-16 14:00,0
24-12-16 15:00,0
24-12-16 16:00,0
24-12-16 17:00,0
24-12-16 18:00,0
24-12-16 19:00,0
24-12-16 20:00,0
24-12-16 21:00,0
24-12-16 22:00,0
24-12-16 23:00,0
25-12-16 0:00,0
25-12-16 1:00,0
25-12-16 2:00,0
25-12-16 3:00,0
25-12-16 4:00,0
25-12-16 5:00,0
25-12-16 6:00,0
25-12-16 7:00,0
25-12-16 8:00,0
25-12-16 9:00,0
25-12-16 10:00,0
25-12-16 11:00,0
25-12-16 12:00,0
25-12-16 13:00,0
25-12-16 14:00,0
25-12-16 15:00,0
25-12-16 16:00,0
25-12-16 17:00,0
25-12-16 18:00,0
25-12-16 19:00,0
25-12-16 20:00,0
25-12-16 21:00,0
25-12-16 22:00,0
25-12-16 23:00,0
26-12-16 0:00,0
26-12-16 1:00,0
26-12-16 2:00,0
26-12-16 3:00,0
26-12-16 4:00,0
26-12-16 5:00,0
26-12-16 6:00,0
26-12-16 7:00,1711.189857
26-12-16 8:00,1711.189857
26-12-16 9:00,1711.189857
26-12-16 10:00,1711.189857
26-12-16 11:00,1711.189857
26-12-16 12:00,1711.189857
26-12-16 13:00,1711.189857
26-12-16 14:00,1711.189857
26-12-16 15:00,1711.189857
26-12-16 16:00,1711.189857
26-12-16 17:00,0
26-12-16 18:00,0
26-12-16 19:00,0
26-12-16 20:00,0
26-12-16 21:00,0
26-12-16 22:00,0
26-12-16 23:00,0
27-12-16 0:00,0
27-12-16 1:00,0
27-12-16 2:00,0
27-12-16 3:00,0
27-12-16 4:00,0
27-12-16 5:00,0
27-12-16 6:00,0
27-12-16 7:00,1711.189857
27-12-16 8:00,1711.189857
27-12-16 9:00,1711.189857
27-12-16 10:00,1711.189857
27-12-16 11:00,1711.189857
27-12-16 12:00,1711.189857
27-12-16 13:00,1711.189857
27-12-16 14:00,1711.189857
27-12-16 15:00,1711.189857
27-12-16 16:00,1711.189857
27-12-16 17:00,0
27-12-16 18:00,0
27-12-16 19:00,0
27-12-16 20:00,0
27-12-16 21:00,0
27-12-16 22:00,0
27-12-16 23:00,0
28-12-16 0:00,0
28-12-16 1:00,0
28-12-16 2:00,0
28-12-16 3:00,0
28-12-16 4:00,0
28-12-16 5:00,0
28-12-16 6:00,0
28-12-16 7:00,1711.189857
28-12-16 8:00,1711.189857
28-12-16 9:00,1711.189857
28-12-16 10:00,1711.189857
28-12-16 11:00,1711.189857
28-12-16 12:00,1711.189857
28-12-16 13:00,1711.189857
28-12-16 14:00,1711.189857
28-12-16 15:00,1711.189857
28-12-16 16:00,1711.189857
28-12-16 17:00,0
28-12-16 18:00,0
28-12-16 19:00,0
28-12-16 20:00,0
28-12-16 21:00,0
28-12-16 22:00,0
28-12-16 23:00,0
29-12-16 0:00,0
29-12-16 1:00,0
29-12-16 2:00,0
29-12-16 3:00,0
29-12-16 4:00,0
29-12-16 5:00,0
29-12-16 6:00,0
29-12-16 7:00,1711.189857
29-12-16 8:00,1711.189857
29-12-16 9:00,1711.189857
29-12-16 10:00,1711.189857
29-12-16 11:00,1711.189857
29-12-16 12:00,1711.189857
29-12-16 13:00,1711.189857
29-12-16 14:00,1711.189857
29-12-16 15:00,1711.189857
29-12-16 16:00,1711.189857
29-12-16 17:00,0
29-12-16 18:00,0
29-12-16 19:00,0
29-12-16 20:00,0
29-12-16 21:00,0
29-12-16 22:00,0
29-12-16 23:00,0
30-12-16 0:00,0
30-12-16 1:00,0
30-12-16 2:00,0
30-12-16 3:00,0
30-12-16 4:00,0
30-12-16 5:00,0
30-12-16 6:00,0
30-12-16 7:00,1711.189857
30-12-16 8:00,1711.189857
30-12-16 9:00,1711.189857
30-12-16 10:00,1711.189857
30-12-16 11:00,1711.189857
30-12-16 12:00,1711.189857
30-12-16 13:00,1711.189857
30-12-16 14:00,1711.189857
30-12-16 15:00,1711.189857
30-12-16 16:00,1711.189857
30-12-16 17:00,0
30-12-16 18:00,0
30-12-16 19:00,0
30-12-16 20:00,0
30-12-16 21:00,0
30-12-16 22:00,0
30-12-16 23:00,0
31-12-16 0:00,0
31-12-16 1:00,0
31-12-16 2:00,0
31-12-16 3:00,0
31-12-16 4:00,0
31-12-16 5:00,0
31-12-16 6:00,0
31-12-16 7:00,0
31-12-16 8:00,0
31-12-16 9:00,0
31-12-16 10:00,0
31-12-16 11:00,0
31-12-16 12:00,0
31-12-16 13:00,0
31-12-16 14:00,0
31-12-16 15:00,0
31-12-16 16:00,0
31-12-16 17:00,0
31-12-16 18:00,0
31-12-16 19:00,0
31-12-16 20:00,0
31-12-16 21:00,0
31-12-16 22:00,0
31-12-16 23:00,0
01-01-17 0:00,0
01-01-17 1:00,0
01-01-17 2:00,0
01-01-17 3:00,0
01-01-17 4:00,0
01-01-17 5:00,0
01-01-17 6:00,0
01-01-17 7:00,0
01-01-17 8:00,0
01-01-17 9:00,0
01-01-17 10:00,0
01-01-17 11:00,0
01-01-17 12:00,0
01-01-17 13:00,0
01-01-17 14:00,0
01-01-17 15:00,0
01-01-17 16:00,0
01-01-17 17:00,0
01-01-17 18:00,0
01-01-17 19:00,0
01-01-17 20:00,0
01-01-17 21:00,0
01-01-17 22:00,0
01-01-17 23:00,0
02-01-17 0:00,0
02-01-17 1:00,0
02-01-17 2:00,0
02-01-17 3:00,0
02-01-17 4:00,0
02-01-17 5:00,0
02-01-17 6:00,0
02-01-17 7:00,1159.727664
02-01-17 8:00,1159.727664
02-01-17 9:00,1159.727664
02-01-17 10:00,1159.727664
02-01-17 11:00,1159.727664
02-01-17 12:00,1159.727664
02-01-17 13:00,1159.727664
02-01-17 14:00,1159.727664
02-01-17 15:00,1159.727664
02-01-17 16:00,1159.727664
02-01-17 17:00,0
02-01-17 18:00,0
02-01-17 19:00,0
02-01-17 20:00,0
02-01-17 21:00,0
02-01-17 22:00,0
02-01-17 23:00,0
03-01-17 0:00,0
03-01-17 1:00,0
03-01-17 2:00,0
03-01-17 3:00,0
03-01-17 4:00,0
03-01-17 5:00,0
03-01-17 6:00,0
03-01-17 7:00,1159.727664
03-01-17 8:00,1159.727664
03-01-17 9:00,1159.727664
03-01-17 10:00,1159.727664
03-01-17 11:00,1159.727664
03-01-17 12:00,1159.727664
03-01-17 13:00,1159.727664
03-01-17 14:00,1159.727664
03-01-17 15:00,1159.727664
03-01-17 16:00,1159.727664
03-01-17 17:00,0
03-01-17 18:00,0
03-01-17 19:00,0
03-01-17 20:00,0
03-01-17 21:00,0
03-01-17 22:00,0
03-01-17 23:00,0
04-01-17 0:00,0
04-01-17 1:00,0
04-01-17 2:00,0
04-01-17 3:00,0
04-01-17 4:00,0
04-01-17 5:00,0
04-01-17 6:00,0
04-01-17 7:00,1159.727664
04-01-17 8:00,1159.727664
04-01-17 9:00,1159.727664
04-01-17 10:00,1159.727664
04-01-17 11:00,1159.727664
04-01-17 12:00,1159.727664
04-01-17 13:00,1159.727664
04-01-17 14:00,1159.727664
04-01-17 15:00,1159.727664
04-01-17 16:00,1159.727664
04-01-17 17:00,0
04-01-17 18:00,0
04-01-17 19:00,0
04-01-17 20:00,0
04-01-17 21:00,0
04-01-17 22:00,0
04-01-17 23:00,0
05-01-17 0:00,0
05-01-17 1:00,0
05-01-17 2:00,0
05-01-17 3:00,0
05-01-17 4:00,0
05-01-17 5:00,0
05-01-17 6:00,0
05-01-17 7:00,1159.727664
05-01-17 8:00,1159.727664
05-01-17 9:00,1159.727664
05-01-17 10:00,1159.727664
05-01-17 11:00,1159.727664
05-01-17 12:00,1159.727664
05-01-17 13:00,1159.727664
05-01-17 14:00,1159.727664
05-01-17 15:00,1159.727664
05-01-17 16:00,1159.727664
05-01-17 17:00,0
05-01-17 18:00,0
05-01-17 19:00,0
05-01-17 20:00,0
05-01-17 21:00,0
05-01-17 22:00,0
05-01-17 23:00,0
06-01-17 0:00,0
06-01-17 1:00,0
06-01-17 2:00,0
06-01-17 3:00,0
06-01-17 4:00,0
06-01-17 5:00,0
06-01-17 6:00,0
06-01-17 7:00,1159.727664
06-01-17 8:00,1159.727664
06-01-17 9:00,1159.727664
06-01-17 10:00,1159.727664
06-01-17 11:00,1159.727664
06-01-17 12:00,1159.727664
06-01-17 13:00,1159.727664
06-01-17 14:00,1159.727664
06-01-17 15:00,1159.727664
06-01-17 16:00,1159.727664
06-01-17 17:00,0
06-01-17 18:00,0
06-01-17 19:00,0
06-01-17 20:00,0
06-01-17 21:00,0
06-01-17 22:00,0
06-01-17 23:00,0
07-01-17 0:00,0
07-01-17 1:00,0
07-01-17 2:00,0
07-01-17 3:00,0
07-01-17 4:00,0
07-01-17 5:00,0
07-01-17 6:00,0
07-01-17 7:00,0
07-01-17 8:00,0
07-01-17 9:00,0
07-01-17 10:00,0
07-01-17 11:00,0
07-01-17 12:00,0
07-01-17 13:00,0
07-01-17 14:00,0
07-01-17 15:00,0
07-01-17 16:00,0
07-01-17 17:00,0
07-01-17 18:00,0
07-01-17 19:00,0
07-01-17 20:00,0
07-01-17 21:00,0
07-01-17 22:00,0
07-01-17 23:00,0
08-01-17 0:00,0
08-01-17 1:00,0
08-01-17 2:00,0
08-01-17 3:00,0
08-01-17 4:00,0
08-01-17 5:00,0
08-01-17 6:00,0
08-01-17 7:00,0
08-01-17 8:00,0
08-01-17 9:00,0
08-01-17 10:00,0
08-01-17 11:00,0
08-01-17 12:00,0
08-01-17 13:00,0
08-01-17 14:00,0
08-01-17 15:00,0
08-01-17 16:00,0
08-01-17 17:00,0
08-01-17 18:00,0
08-01-17 19:00,0
08-01-17 20:00,0
08-01-17 21:00,0
08-01-17 22:00,0
08-01-17 23:00,0
09-01-17 0:00,0
09-01-17 1:00,0
09-01-17 2:00,0
09-01-17 3:00,0
09-01-17 4:00,0
09-01-17 5:00,0
09-01-17 6:00,0
09-01-17 7:00,1550.94286
09-01-17 8:00,1550.94286
09-01-17 9:00,1550.94286
09-01-17 10:00,1550.94286
09-01-17 11:00,1550.94286
09-01-17 12:00,1550.94286
09-01-17 13:00,1550.94286
09-01-17 14:00,1550.94286
09-01-17 15:00,1550.94286
09-01-17 16:00,1550.94286
09-01-17 17:00,0
09-01-17 18:00,0
09-01-17 19:00,0
09-01-17 20:00,0
09-01-17 21:00,0
09-01-17 22:00,0
09-01-17 23:00,0
10-01-17 0:00,0
10-01-17 1:00,0
10-01-17 2:00,0
10-01-17 3:00,0
10-01-17 4:00,0
10-01-17 5:00,0
10-01-17 6:00,0
10-01-17 7:00,1550.94286
10-01-17 8:00,1550.94286
10-01-17 9:00,1550.94286
10-01-17 10:00,1550.94286
10-01-17 11:00,1550.94286
10-01-17 12:00,1550.94286
10-01-17 13:00,1550.94286
10-01-17 14:00,1550.94286
10-01-17 15:00,1550.94286
10-01-17 16:00,1550.94286
10-01-17 17:00,0
10-01-17 18:00,0
10-01-17 19:00,0
10-01-17 20:00,0
10-01-17 21:00,0
10-01-17 22:00,0
10-01-17 23:00,0
11-01-17 0:00,0
11-01-17 1:00,0
11-01-17 2:00,0
11-01-17 3:00,0
11-01-17 4:00,0
11-01-17 5:00,0
11-01-17 6:00,0
11-01-17 7:00,1550.94286
11-01-17 8:00,1550.94286
11-01-17 9:00,1550.94286
11-01-17 10:00,1550.94286
11-01-17 11:00,1550.94286
11-01-17 12:00,1550.94286
11-01-17 13:00,1550.94286
11-01-17 14:00,1550.94286
11-01-17 15:00,1550.94286
11-01-17 16:00,1550.94286
11-01-17 17:00,0
11-01-17 18:00,0
11-01-17 19:00,0
11-01-17 20:00,0
11-01-17 21:00,0
11-01-17 22:00,0
11-01-17 23:00,0
12-01-17 0:00,0
12-01-17 1:00,0
12-01-17 2:00,0
12-01-17 3:00,0
12-01-17 4:00,0
12-01-17 5:00,0
12-01-17 6:00,0
12-01-17 7:00,1550.94286
12-01-17 8:00,1550.94286
12-01-17 9:00,1550.94286
12-01-17 10:00,1550.94286
12-01-17 11:00,1550.94286
12-01-17 12:00,1550.94286
12-01-17 13:00,1550.94286
12-01-17 14:00,1550.94286
12-01-17 15:00,1550.94286
12-01-17 16:00,1550.94286
12-01-17 17:00,0
12-01-17 18:00,0
12-01-17 19:00,0
12-01-17 20:00,0
12-01-17 21:00,0
12-01-17 22:00,0
12-01-17 23:00,0
13-01-17 0:00,0
13-01-17 1:00,0
13-01-17 2:00,0
13-01-17 3:00,0
13-01-17 4:00,0
13-01-17 5:00,0
13-01-17 6:00,0
13-01-17 7:00,1550.94286
13-01-17 8:00,1550.94286
13-01-17 9:00,1550.94286
13-01-17 10:00,1550.94286
13-01-17 11:00,1550.94286
13-01-17 12:00,1550.94286
13-01-17 13:00,1550.94286
13-01-17 14:00,1550.94286
13-01-17 15:00,1550.94286
13-01-17 16:00,1550.94286
13-01-17 17:00,0
13-01-17 18:00,0
13-01-17 19:00,0
13-01-17 20:00,0
13-01-17 21:00,0
13-01-17 22:00,0
13-01-17 23:00,0
14-01-17 0:00,0
14-01-17 1:00,0
14-01-17 2:00,0
14-01-17 3:00,0
14-01-17 4:00,0
14-01-17 5:00,0
14-01-17 6:00,0
14-01-17 7:00,0
14-01-17 8:00,0
14-01-17 9:00,0
14-01-17 10:00,0
14-01-17 11:00,0
14-01-17 12:00,0
14-01-17 13:00,0
14-01-17 14:00,0
14-01-17 15:00,0
14-01-17 16:00,0
14-01-17 17:00,0
14-01-17 18:00,0
14-01-17 19:00,0
14-01-17 20:00,0
14-01-17 21:00,0
14-01-17 22:00,0
14-01-17 23:00,0
15-01-17 0:00,0
15-01-17 1:00,0
15-01-17 2:00,0
15-01-17 3:00,0
15-01-17 4:00,0
15-01-17 5:00,0
15-01-17 6:00,0
15-01-17 7:00,0
15-01-17 8:00,0
15-01-17 9:00,0
15-01-17 10:00,0
15-01-17 11:00,0
15-01-17 12:00,0
15-01-17 13:00,0
15-01-17 14:00,0
15-01-17 15:00,0
15-01-17 16:00,0
15-01-17 17:00,0
15-01-17 18:00,0
15-01-17 19:00,0
15-01-17 20:00,0
15-01-17 21:00,0
15-01-17 22:00,0
15-01-17 23:00,0
16-01-17 0:00,0
16-01-17 1:00,0
16-01-17 2:00,0
16-01-17 3:00,0
16-01-17 4:00,0
16-01-17 5:00,0
16-01-17 6:00,0
16-01-17 7:00,1467.957818
16-01-17 8:00,1467.957818
16-01-17 9:00,1467.957818
16-01-17 10:00,1467.957818
16-01-17 11:00,1467.957818
16-01-17 12:00,1467.957818
16-01-17 13:00,1467.957818
16-01-17 14:00,1467.957818
16-01-17 15:00,1467.957818
16-01-17 16:00,1467.957818
16-01-17 17:00,0
16-01-17 18:00,0
16-01-17 19:00,0
16-01-17 20:00,0
16-01-17 21:00,0
16-01-17 22:00,0
16-01-17 23:00,0
17-01-17 0:00,0
17-01-17 1:00,0
17-01-17 2:00,0
17-01-17 3:00,0
17-01-17 4:00,0
17-01-17 5:00,0
17-01-17 6:00,0
17-01-17 7:00,1467.957818
17-01-17 8:00,1467.957818
17-01-17 9:00,1467.957818
17-01-17 10:00,1467.957818
17-01-17 11:00,1467.957818
17-01-17 12:00,1467.957818
17-01-17 13:00,1467.957818
17-01-17 14:00,1467.957818
17-01-17 15:00,1467.957818
17-01-17 16:00,1467.957818
17-01-17 17:00,0
17-01-17 18:00,0
17-01-17 19:00,0
17-01-17 20:00,0
17-01-17 21:00,0
17-01-17 22:00,0
17-01-17 23:00,0
18-01-17 0:00,0
18-01-17 1:00,0
18-01-17 2:00,0
18-01-17 3:00,0
18-01-17 4:00,0
18-01-17 5:00,0
18-01-17 6:00,0
18-01-17 7:00,1467.957818
18-01-17 8:00,1467.957818
18-01-17 9:00,1467.957818
18-01-17 10:00,1467.957818
18-01-17 11:00,1467.957818
18-01-17 12:00,1467.957818
18-01-17 13:00,1467.957818
18-01-17 14:00,1467.957818
18-01-17 15:00,1467.957818
18-01-17 16:00,1467.957818
18-01-17 17:00,0
18-01-17 18:00,0
18-01-17 19:00,0
18-01-17 20:00,0
18-01-17 21:00,0
18-01-17 22:00,0
18-01-17 23:00,0
19-01-17 0:00,0
19-01-17 1:00,0
19-01-17 2:00,0
19-01-17 3:00,0
19-01-17 4:00,0
19-01-17 5:00,0
19-01-17 6:00,0
19-01-17 7:00,1467.957818
19-01-17 8:00,1467.957818
19-01-17 9:00,1467.957818
19-01-17 10:00,1467.957818
19-01-17 11:00,1467.957818
19-01-17 12:00,1467.957818
19-01-17 13:00,1467.957818
19-01-17 14:00,1467.957818
19-01-17 15:00,1467.957818
19-01-17 16:00,1467.957818
19-01-17 17:00,0
19-01-17 18:00,0
19-01-17 19:00,0
19-01-17 20:00,0
19-01-17 21:00,0
19-01-17 22:00,0
19-01-17 23:00,0
20-01-17 0:00,0
20-01-17 1:00,0
20-01-17 2:00,0
20-01-17 3:00,0
20-01-17 4:00,0
20-01-17 5:00,0
20-01-17 6:00,0
20-01-17 7:00,1467.957818
20-01-17 8:00,1467.957818
20-01-17 9:00,1467.957818
20-01-17 10:00,1467.957818
20-01-17 11:00,1467.957818
20-01-17 12:00,1467.957818
20-01-17 13:00,1467.957818
20-01-17 14:00,1467.957818
20-01-17 15:00,1467.957818
20-01-17 16:00,1467.957818
20-01-17 17:00,0
20-01-17 18:00,0
20-01-17 19:00,0
20-01-17 20:00,0
20-01-17 21:00,0
20-01-17 22:00,0
20-01-17 23:00,0
21-01-17 0:00,0
21-01-17 1:00,0
21-01-17 2:00,0
21-01-17 3:00,0
21-01-17 4:00,0
21-01-17 5:00,0
21-01-17 6:00,0
21-01-17 7:00,0
21-01-17 8:00,0
21-01-17 9:00,0
21-01-17 10:00,0
21-01-17 11:00,0
21-01-17 12:00,0
21-01-17 13:00,0
21-01-17 14:00,0
21-01-17 15:00,0
21-01-17 16:00,0
21-01-17 17:00,0
21-01-17 18:00,0
21-01-17 19:00,0
21-01-17 20:00,0
21-01-17 21:00,0
21-01-17 22:00,0
21-01-17 23:00,0
22-01-17 0:00,0
22-01-17 1:00,0
22-01-17 2:00,0
22-01-17 3:00,0
22-01-17 4:00,0
22-01-17 5:00,0
22-01-17 6:00,0
22-01-17 7:00,0
22-01-17 8:00,0
22-01-17 9:00,0
22-01-17 10:00,0
22-01-17 11:00,0
22-01-17 12:00,0
22-01-17 13:00,0
22-01-17 14:00,0
22-01-17 15:00,0
22-01-17 16:00,0
22-01-17 17:00,0
22-01-17 18:00,0
22-01-17 19:00,0
22-01-17 20:00,0
22-01-17 21:00,0
22-01-17 22:00,0
22-01-17 23:00,0
23-01-17 0:00,0
23-01-17 1:00,0
23-01-17 2:00,0
23-01-17 3:00,0
23-01-17 4:00,0
23-01-17 5:00,0
23-01-17 6:00,0
23-01-17 7:00,1053.03261
23-01-17 8:00,1053.03261
23-01-17 9:00,1053.03261
23-01-17 10:00,1053.03261
23-01-17 11:00,1053.03261
23-01-17 12:00,1053.03261
23-01-17 13:00,1053.03261
23-01-17 14:00,1053.03261
23-01-17 15:00,1053.03261
23-01-17 16:00,1053.03261
23-01-17 17:00,0
23-01-17 18:00,0
23-01-17 19:00,0
23-01-17 20:00,0
23-01-17 21:00,0
23-01-17 22:00,0
23-01-17 23:00,0
24-01-17 0:00,0
24-01-17 1:00,0
24-01-17 2:00,0
24-01-17 3:00,0
24-01-17 4:00,0
24-01-17 5:00,0
24-01-17 6:00,0
24-01-17 7:00,1053.03261
24-01-17 8:00,1053.03261
24-01-17 9:00,1053.03261
24-01-17 10:00,1053.03261
24-01-17 11:00,1053.03261
24-01-17 12:00,1053.03261
24-01-17 13:00,1053.03261
24-01-17 14:00,1053.03261
24-01-17 15:00,1053.03261
24-01-17 16:00,1053.03261
24-01-17 17:00,0
24-01-17 18:00,0
24-01-17 19:00,0
24-01-17 20:00,0
24-01-17 21:00,0
24-01-17 22:00,0
24-01-17 23:00,0
25-01-17 0:00,0
25-01-17 1:00,0
25-01-17 2:00,0
25-01-17 3:00,0
25-01-17 4:00,0
25-01-17 5:00,0
25-01-17 6:00,0
25-01-17 7:00,1053.03261
25-01-17 8:00,1053.03261
25-01-17 9:00,1053.03261
25-01-17 10:00,1053.03261
25-01-17 11:00,1053.03261
25-01-17 12:00,1053.03261
25-01-17 13:00,1053.03261
25-01-17 14:00,1053.03261
25-01-17 15:00,1053.03261
25-01-17 16:00,1053.03261
25-01-17 17:00,0
25-01-17 18:00,0
25-01-17 19:00,0
25-01-17 20:00,0
25-01-17 21:00,0
25-01-17 22:00,0
25-01-17 23:00,0
26-01-17 0:00,0
26-01-17 1:00,0
26-01-17 2:00,0
26-01-17 3:00,0
26-01-17 4:00,0
26-01-17 5:00,0
26-01-17 6:00,0
26-01-17 7:00,1053.03261
26-01-17 8:00,1053.03261
26-01-17 9:00,1053.03261
26-01-17 10:00,1053.03261
26-01-17 11:00,1053.03261
26-01-17 12:00,1053.03261
26-01-17 13:00,1053.03261
26-01-17 14:00,1053.03261
26-01-17 15:00,1053.03261
26-01-17 16:00,1053.03261
26-01-17 17:00,0
26-01-17 18:00,0
26-01-17 19:00,0
26-01-17 20:00,0
26-01-17 21:00,0
26-01-17 22:00,0
26-01-17 23:00,0
27-01-17 0:00,0
27-01-17 1:00,0
27-01-17 2:00,0
27-01-17 3:00,0
27-01-17 4:00,0
27-01-17 5:00,0
27-01-17 6:00,0
27-01-17 7:00,1053.03261
27-01-17 8:00,1053.03261
27-01-17 9:00,1053.03261
27-01-17 10:00,1053.03261
27-01-17 11:00,1053.03261
27-01-17 12:00,1053.03261
27-01-17 13:00,1053.03261
27-01-17 14:00,1053.03261
27-01-17 15:00,1053.03261
27-01-17 16:00,1053.03261
27-01-17 17:00,0
27-01-17 18:00,0
27-01-17 19:00,0
27-01-17 20:00,0
27-01-17 21:00,0
27-01-17 22:00,0
27-01-17 23:00,0
28-01-17 0:00,0
28-01-17 1:00,0
28-01-17 2:00,0
28-01-17 3:00,0
28-01-17 4:00,0
28-01-17 5:00,0
28-01-17 6:00,0
28-01-17 7:00,0
28-01-17 8:00,0
28-01-17 9:00,0
28-01-17 10:00,0
28-01-17 11:00,0
28-01-17 12:00,0
28-01-17 13:00,0
28-01-17 14:00,0
28-01-17 15:00,0
28-01-17 16:00,0
28-01-17 17:00,0
28-01-17 18:00,0
28-01-17 19:00,0
28-01-17 20:00,0
28-01-17 21:00,0
28-01-17 22:00,0
28-01-17 23:00,0
29-01-17 0:00,0
29-01-17 1:00,0
29-01-17 2:00,0
29-01-17 3:00,0
29-01-17 4:00,0
29-01-17 5:00,0
29-01-17 6:00,0
29-01-17 7:00,0
29-01-17 8:00,0
29-01-17 9:00,0
29-01-17 10:00,0
29-01-17 11:00,0
29-01-17 12:00,0
29-01-17 13:00,0
29-01-17 14:00,0
29-01-17 15:00,0
29-01-17 16:00,0
29-01-17 17:00,0
29-01-17 18:00,0
29-01-17 19:00,0
29-01-17 20:00,0
29-01-17 21:00,0
29-01-17 22:00,0
29-01-17 23:00,0
30-01-17 0:00,0
30-01-17 1:00,0
30-01-17 2:00,0
30-01-17 3:00,0
30-01-17 4:00,0
30-01-17 5:00,0
30-01-17 6:00,0
30-01-17 7:00,946.3375567
30-01-17 8:00,946.3375567
30-01-17 9:00,946.3375567
30-01-17 10:00,946.3375567
30-01-17 11:00,946.3375567
30-01-17 12:00,946.3375567
30-01-17 13:00,946.3375567
30-01-17 14:00,946.3375567
30-01-17 15:00,946.3375567
30-01-17 16:00,946.3375567
30-01-17 17:00,0
30-01-17 18:00,0
30-01-17 19:00,0
30-01-17 20:00,0
30-01-17 21:00,0
30-01-17 22:00,0
30-01-17 23:00,0
31-01-17 0:00,0
31-01-17 1:00,0
31-01-17 2:00,0
31-01-17 3:00,0
31-01-17 4:00,0
31-01-17 5:00,0
31-01-17 6:00,0
31-01-17 7:00,946.3375567
31-01-17 8:00,946.3375567
31-01-17 9:00,946.3375567
31-01-17 10:00,946.3375567
31-01-17 11:00,946.3375567
31-01-17 12:00,946.3375567
31-01-17 13:00,946.3375567
31-01-17 14:00,946.3375567
31-01-17 15:00,946.3375567
31-01-17 16:00,946.3375567
31-01-17 17:00,0
31-01-17 18:00,0
31-01-17 19:00,0
31-01-17 20:00,0
31-01-17 21:00,0
31-01-17 22:00,0
31-01-17 23:00,0
01-02-17 0:00,0
01-02-17 1:00,0
01-02-17 2:00,0
01-02-17 3:00,0
01-02-17 4:00,0
01-02-17 5:00,0
01-02-17 6:00,0
01-02-17 7:00,946.3375567
01-02-17 8:00,946.3375567
01-02-17 9:00,946.3375567
01-02-17 10:00,946.3375567
01-02-17 11:00,946.3375567
01-02-17 12:00,946.3375567
01-02-17 13:00,946.3375567
01-02-17 14:00,946.3375567
01-02-17 15:00,946.3375567
01-02-17 16:00,946.3375567
01-02-17 17:00,0
01-02-17 18:00,0
01-02-17 19:00,0
01-02-17 20:00,0
01-02-17 21:00,0
01-02-17 22:00,0
01-02-17 23:00,0
02-02-17 0:00,0
02-02-17 1:00,0
02-02-17 2:00,0
02-02-17 3:00,0
02-02-17 4:00,0
02-02-17 5:00,0
02-02-17 6:00,0
02-02-17 7:00,946.3375567
02-02-17 8:00,946.3375567
02-02-17 9:00,946.3375567
02-02-17 10:00,946.3375567
02-02-17 11:00,946.3375567
02-02-17 12:00,946.3375567
02-02-17 13:00,946.3375567
02-02-17 14:00,946.3375567
02-02-17 15:00,946.3375567
02-02-17 16:00,946.3375567
02-02-17 17:00,0
02-02-17 18:00,0
02-02-17 19:00,0
02-02-17 20:00,0
02-02-17 21:00,0
02-02-17 22:00,0
02-02-17 23:00,0
03-02-17 0:00,0
03-02-17 1:00,0
03-02-17 2:00,0
03-02-17 3:00,0
03-02-17 4:00,0
03-02-17 5:00,0
03-02-17 6:00,0
03-02-17 7:00,946.3375567
03-02-17 8:00,946.3375567
03-02-17 9:00,946.3375567
03-02-17 10:00,946.3375567
03-02-17 11:00,946.3375567
03-02-17 12:00,946.3375567
03-02-17 13:00,946.3375567
03-02-17 14:00,946.3375567
03-02-17 15:00,946.3375567
03-02-17 16:00,946.3375567
03-02-17 17:00,0
03-02-17 18:00,0
03-02-17 19:00,0
03-02-17 20:00,0
03-02-17 21:00,0
03-02-17 22:00,0
03-02-17 23:00,0
04-02-17 0:00,0
04-02-17 1:00,0
04-02-17 2:00,0
04-02-17 3:00,0
04-02-17 4:00,0
04-02-17 5:00,0
04-02-17 6:00,0
04-02-17 7:00,0
04-02-17 8:00,0
04-02-17 9:00,0
04-02-17 10:00,0
04-02-17 11:00,0
04-02-17 12:00,0
04-02-17 13:00,0
04-02-17 14:00,0
04-02-17 15:00,0
04-02-17 16:00,0
04-02-17 17:00,0
04-02-17 18:00,0
04-02-17 19:00,0
04-02-17 20:00,0
04-02-17 21:00,0
04-02-17 22:00,0
04-02-17 23:00,0
05-02-17 0:00,0
05-02-17 1:00,0
05-02-17 2:00,0
05-02-17 3:00,0
05-02-17 4:00,0
05-02-17 5:00,0
05-02-17 6:00,0
05-02-17 7:00,0
05-02-17 8:00,0
05-02-17 9:00,0
05-02-17 10:00,0
05-02-17 11:00,0
05-02-17 12:00,0
05-02-17 13:00,0
05-02-17 14:00,0
05-02-17 15:00,0
05-02-17 16:00,0
05-02-17 17:00,0
05-02-17 18:00,0
05-02-17 19:00,0
05-02-17 20:00,0
05-02-17 21:00,0
05-02-17 22:00,0
05-02-17 23:00,0
06-02-17 0:00,0
06-02-17 1:00,0
06-02-17 2:00,0
06-02-17 3:00,0
06-02-17 4:00,0
06-02-17 5:00,0
06-02-17 6:00,0
06-02-17 7:00,1100.452634
06-02-17 8:00,1100.452634
06-02-17 9:00,1100.452634
06-02-17 10:00,1100.452634
06-02-17 11:00,1100.452634
06-02-17 12:00,1100.452634
06-02-17 13:00,1100.452634
06-02-17 14:00,1100.452634
06-02-17 15:00,1100.452634
06-02-17 16:00,1100.452634
06-02-17 17:00,0
06-02-17 18:00,0
06-02-17 19:00,0
06-02-17 20:00,0
06-02-17 21:00,0
06-02-17 22:00,0
06-02-17 23:00,0
07-02-17 0:00,0
07-02-17 1:00,0
07-02-17 2:00,0
07-02-17 3:00,0
07-02-17 4:00,0
07-02-17 5:00,0
07-02-17 6:00,0
07-02-17 7:00,1100.452634
07-02-17 8:00,1100.452634
07-02-17 9:00,1100.452634
07-02-17 10:00,1100.452634
07-02-17 11:00,1100.452634
07-02-17 12:00,1100.452634
07-02-17 13:00,1100.452634
07-02-17 14:00,1100.452634
07-02-17 15:00,1100.452634
07-02-17 16:00,1100.452634
07-02-17 17:00,0
07-02-17 18:00,0
07-02-17 19:00,0
07-02-17 20:00,0
07-02-17 21:00,0
07-02-17 22:00,0
07-02-17 23:00,0
08-02-17 0:00,0
08-02-17 1:00,0
08-02-17 2:00,0
08-02-17 3:00,0
08-02-17 4:00,0
08-02-17 5:00,0
08-02-17 6:00,0
08-02-17 7:00,1100.452634
08-02-17 8:00,1100.452634
08-02-17 9:00,1100.452634
08-02-17 10:00,1100.452634
08-02-17 11:00,1100.452634
08-02-17 12:00,1100.452634
08-02-17 13:00,1100.452634
08-02-17 14:00,1100.452634
08-02-17 15:00,1100.452634
08-02-17 16:00,1100.452634
08-02-17 17:00,0
08-02-17 18:00,0
08-02-17 19:00,0
08-02-17 20:00,0
08-02-17 21:00,0
08-02-17 22:00,0
08-02-17 23:00,0
09-02-17 0:00,0
09-02-17 1:00,0
09-02-17 2:00,0
09-02-17 3:00,0
09-02-17 4:00,0
09-02-17 5:00,0
09-02-17 6:00,0
09-02-17 7:00,1100.452634
09-02-17 8:00,1100.452634
09-02-17 9:00,1100.452634
09-02-17 10:00,1100.452634
09-02-17 11:00,1100.452634
09-02-17 12:00,1100.452634
09-02-17 13:00,1100.452634
09-02-17 14:00,1100.452634
09-02-17 15:00,1100.452634
09-02-17 16:00,1100.452634
09-02-17 17:00,0
09-02-17 18:00,0
09-02-17 19:00,0
09-02-17 20:00,0
09-02-17 21:00,0
09-02-17 22:00,0
09-02-17 23:00,0
10-02-17 0:00,0
10-02-17 1:00,0
10-02-17 2:00,0
10-02-17 3:00,0
10-02-17 4:00,0
10-02-17 5:00,0
10-02-17 6:00,0
10-02-17 7:00,1100.452634
10-02-17 8:00,1100.452634
10-02-17 9:00,1100.452634
10-02-17 10:00,1100.452634
10-02-17 11:00,1100.452634
10-02-17 12:00,1100.452634
10-02-17 13:00,1100.452634
10-02-17 14:00,1100.452634
10-02-17 15:00,1100.452634
10-02-17 16:00,1100.452634
10-02-17 17:00,0
10-02-17 18:00,0
10-02-17 19:00,0
10-02-17 20:00,0
10-02-17 21:00,0
10-02-17 22:00,0
10-02-17 23:00,0
11-02-17 0:00,0
11-02-17 1:00,0
11-02-17 2:00,0
11-02-17 3:00,0
11-02-17 4:00,0
11-02-17 5:00,0
11-02-17 6:00,0
11-02-17 7:00,0
11-02-17 8:00,0
11-02-17 9:00,0
11-02-17 10:00,0
11-02-17 11:00,0
11-02-17 12:00,0
11-02-17 13:00,0
11-02-17 14:00,0
11-02-17 15:00,0
11-02-17 16:00,0
11-02-17 17:00,0
11-02-17 18:00,0
11-02-17 19:00,0
11-02-17 20:00,0
11-02-17 21:00,0
11-02-17 22:00,0
11-02-17 23:00,0
12-02-17 0:00,0
12-02-17 1:00,0
12-02-17 2:00,0
12-02-17 3:00,0
12-02-17 4:00,0
12-02-17 5:00,0
12-02-17 6:00,0
12-02-17 7:00,0
12-02-17 8:00,0
12-02-17 9:00,0
12-02-17 10:00,0
12-02-17 11:00,0
12-02-17 12:00,0
12-02-17 13:00,0
12-02-17 14:00,0
12-02-17 15:00,0
12-02-17 16:00,0
12-02-17 17:00,0
12-02-17 18:00,0
12-02-17 19:00,0
12-02-17 20:00,0
12-02-17 21:00,0
12-02-17 22:00,0
12-02-17 23:00,0
13-02-17 0:00,0
13-02-17 1:00,0
13-02-17 2:00,0
13-02-17 3:00,0
13-02-17 4:00,0
13-02-17 5:00,0
13-02-17 6:00,0
13-02-17 7:00,1005.612586
13-02-17 8:00,1005.612586
13-02-17 9:00,1005.612586
13-02-17 10:00,1005.612586
13-02-17 11:00,1005.612586
13-02-17 12:00,1005.612586
13-02-17 13:00,1005.612586
13-02-17 14:00,1005.612586
13-02-17 15:00,1005.612586
13-02-17 16:00,1005.612586
13-02-17 17:00,0
13-02-17 18:00,0
13-02-17 19:00,0
13-02-17 20:00,0
13-02-17 21:00,0
13-02-17 22:00,0
13-02-17 23:00,0
14-02-17 0:00,0
14-02-17 1:00,0
14-02-17 2:00,0
14-02-17 3:00,0
14-02-17 4:00,0
14-02-17 5:00,0
14-02-17 6:00,0
14-02-17 7:00,1005.612586
14-02-17 8:00,1005.612586
14-02-17 9:00,1005.612586
14-02-17 10:00,1005.612586
14-02-17 11:00,1005.612586
14-02-17 12:00,1005.612586
14-02-17 13:00,1005.612586
14-02-17 14:00,1005.612586
14-02-17 15:00,1005.612586
14-02-17 16:00,1005.612586
14-02-17 17:00,0
14-02-17 18:00,0
14-02-17 19:00,0
14-02-17 20:00,0
14-02-17 21:00,0
14-02-17 22:00,0
14-02-17 23:00,0
15-02-17 0:00,0
15-02-17 1:00,0
15-02-17 2:00,0
15-02-17 3:00,0
15-02-17 4:00,0
15-02-17 5:00,0
15-02-17 6:00,0
15-02-17 7:00,1005.612586
15-02-17 8:00,1005.612586
15-02-17 9:00,1005.612586
15-02-17 10:00,1005.612586
15-02-17 11:00,1005.612586
15-02-17 12:00,1005.612586
15-02-17 13:00,1005.612586
15-02-17 14:00,1005.612586
15-02-17 15:00,1005.612586
15-02-17 16:00,1005.612586
15-02-17 17:00,0
15-02-17 18:00,0
15-02-17 19:00,0
15-02-17 20:00,0
15-02-17 21:00,0
15-02-17 22:00,0
15-02-17 23:00,0
16-02-17 0:00,0
16-02-17 1:00,0
16-02-17 2:00,0
16-02-17 3:00,0
16-02-17 4:00,0
16-02-17 5:00,0
16-02-17 6:00,0
16-02-17 7:00,1005.612586
16-02-17 8:00,1005.612586
16-02-17 9:00,1005.612586
16-02-17 10:00,1005.612586
16-02-17 11:00,1005.612586
16-02-17 12:00,1005.612586
16-02-17 13:00,1005.612586
16-02-17 14:00,1005.612586
16-02-17 15:00,1005.612586
16-02-17 16:00,1005.612586
16-02-17 17:00,0
16-02-17 18:00,0
16-02-17 19:00,0
16-02-17 20:00,0
16-02-17 21:00,0
16-02-17 22:00,0
16-02-17 23:00,0
17-02-17 0:00,0
17-02-17 1:00,0
17-02-17 2:00,0
17-02-17 3:00,0
17-02-17 4:00,0
17-02-17 5:00,0
17-02-17 6:00,0
17-02-17 7:00,1005.612586
17-02-17 8:00,1005.612586
17-02-17 9:00,1005.612586
17-02-17 10:00,1005.612586
17-02-17 11:00,1005.612586
17-02-17 12:00,1005.612586
17-02-17 13:00,1005.612586
17-02-17 14:00,1005.612586
17-02-17 15:00,1005.612586
17-02-17 16:00,1005.612586
17-02-17 17:00,0
17-02-17 18:00,0
17-02-17 19:00,0
17-02-17 20:00,0
17-02-17 21:00,0
17-02-17 22:00,0
17-02-17 23:00,0
18-02-17 0:00,0
18-02-17 1:00,0
18-02-17 2:00,0
18-02-17 3:00,0
18-02-17 4:00,0
18-02-17 5:00,0
18-02-17 6:00,0
18-02-17 7:00,0
18-02-17 8:00,0
18-02-17 9:00,0
18-02-17 10:00,0
18-02-17 11:00,0
18-02-17 12:00,0
18-02-17 13:00,0
18-02-17 14:00,0
18-02-17 15:00,0
18-02-17 16:00,0
18-02-17 17:00,0
18-02-17 18:00,0
18-02-17 19:00,0
18-02-17 20:00,0
18-02-17 21:00,0
18-02-17 22:00,0
18-02-17 23:00,0
19-02-17 0:00,0
19-02-17 1:00,0
19-02-17 2:00,0
19-02-17 3:00,0
19-02-17 4:00,0
19-02-17 5:00,0
19-02-17 6:00,0
19-02-17 7:00,0
19-02-17 8:00,0
19-02-17 9:00,0
19-02-17 10:00,0
19-02-17 11:00,0
19-02-17 12:00,0
19-02-17 13:00,0
19-02-17 14:00,0
19-02-17 15:00,0
19-02-17 16:00,0
19-02-17 17:00,0
19-02-17 18:00,0
19-02-17 19:00,0
19-02-17 20:00,0
19-02-17 21:00,0
19-02-17 22:00,0
19-02-17 23:00,0
20-02-17 0:00,0
20-02-17 1:00,0
20-02-17 2:00,0
20-02-17 3:00,0
20-02-17 4:00,0
20-02-17 5:00,0
20-02-17 6:00,0
20-02-17 7:00,981.9025745
20-02-17 8:00,981.9025745
20-02-17 9:00,981.9025745
20-02-17 10:00,981.9025745
20-02-17 11:00,981.9025745
20-02-17 12:00,981.9025745
20-02-17 13:00,981.9025745
20-02-17 14:00,981.9025745
20-02-17 15:00,981.9025745
20-02-17 16:00,981.9025745
20-02-17 17:00,0
20-02-17 18:00,0
20-02-17 19:00,0
20-02-17 20:00,0
20-02-17 21:00,0
20-02-17 22:00,0
20-02-17 23:00,0
21-02-17 0:00,0
21-02-17 1:00,0
21-02-17 2:00,0
21-02-17 3:00,0
21-02-17 4:00,0
21-02-17 5:00,0
21-02-17 6:00,0
21-02-17 7:00,981.9025745
21-02-17 8:00,981.9025745
21-02-17 9:00,981.9025745
21-02-17 10:00,981.9025745
21-02-17 11:00,981.9025745
21-02-17 12:00,981.9025745
21-02-17 13:00,981.9025745
21-02-17 14:00,981.9025745
21-02-17 15:00,981.9025745
21-02-17 16:00,981.9025745
21-02-17 17:00,0
21-02-17 18:00,0
21-02-17 19:00,0
21-02-17 20:00,0
21-02-17 21:00,0
21-02-17 22:00,0
21-02-17 23:00,0
22-02-17 0:00,0
22-02-17 1:00,0
22-02-17 2:00,0
22-02-17 3:00,0
22-02-17 4:00,0
22-02-17 5:00,0
22-02-17 6:00,0
22-02-17 7:00,981.9025745
22-02-17 8:00,981.9025745
22-02-17 9:00,981.9025745
22-02-17 10:00,981.9025745
22-02-17 11:00,981.9025745
22-02-17 12:00,981.9025745
22-02-17 13:00,981.9025745
22-02-17 14:00,981.9025745
22-02-17 15:00,981.9025745
22-02-17 16:00,981.9025745
22-02-17 17:00,0
22-02-17 18:00,0
22-02-17 19:00,0
22-02-17 20:00,0
22-02-17 21:00,0
22-02-17 22:00,0
22-02-17 23:00,0
23-02-17 0:00,0
23-02-17 1:00,0
23-02-17 2:00,0
23-02-17 3:00,0
23-02-17 4:00,0
23-02-17 5:00,0
23-02-17 6:00,0
23-02-17 7:00,981.9025745
23-02-17 8:00,981.9025745
23-02-17 9:00,981.9025745
23-02-17 10:00,981.9025745
23-02-17 11:00,981.9025745
23-02-17 12:00,981.9025745
23-02-17 13:00,981.9025745
23-02-17 14:00,981.9025745
23-02-17 15:00,981.9025745
23-02-17 16:00,981.9025745
23-02-17 17:00,0
23-02-17 18:00,0
23-02-17 19:00,0
23-02-17 20:00,0
23-02-17 21:00,0
23-02-17 22:00,0
23-02-17 23:00,0
24-02-17 0:00,0
24-02-17 1:00,0
24-02-17 2:00,0
24-02-17 3:00,0
24-02-17 4:00,0
24-02-17 5:00,0
24-02-17 6:00,0
24-02-17 7:00,981.9025745
24-02-17 8:00,981.9025745
24-02-17 9:00,981.9025745
24-02-17 10:00,981.9025745
24-02-17 11:00,981.9025745
24-02-17 12:00,981.9025745
24-02-17 13:00,981.9025745
24-02-17 14:00,981.9025745
24-02-17 15:00,981.9025745
24-02-17 16:00,981.9025745
24-02-17 17:00,0
24-02-17 18:00,0
24-02-17 19:00,0
24-02-17 20:00,0
24-02-17 21:00,0
24-02-17 22:00,0
24-02-17 23:00,0
25-02-17 0:00,0
25-02-17 1:00,0
25-02-17 2:00,0
25-02-17 3:00,0
25-02-17 4:00,0
25-02-17 5:00,0
25-02-17 6:00,0
25-02-17 7:00,0
25-02-17 8:00,0
25-02-17 9:00,0
25-02-17 10:00,0
25-02-17 11:00,0
25-02-17 12:00,0
25-02-17 13:00,0
25-02-17 14:00,0
25-02-17 15:00,0
25-02-17 16:00,0
25-02-17 17:00,0
25-02-17 18:00,0
25-02-17 19:00,0
25-02-17 20:00,0
25-02-17 21:00,0
25-02-17 22:00,0
25-02-17 23:00,0
26-02-17 0:00,0
26-02-17 1:00,0
26-02-17 2:00,0
26-02-17 3:00,0
26-02-17 4:00,0
26-02-17 5:00,0
26-02-17 6:00,0
26-02-17 7:00,0
26-02-17 8:00,0
26-02-17 9:00,0
26-02-17 10:00,0
26-02-17 11:00,0
26-02-17 12:00,0
26-02-17 13:00,0
26-02-17 14:00,0
26-02-17 15:00,0
26-02-17 16:00,0
26-02-17 17:00,0
26-02-17 18:00,0
26-02-17 19:00,0
26-02-17 20:00,0
26-02-17 21:00,0
26-02-17 22:00,0
26-02-17 23:00,0
27-02-17 0:00,0
27-02-17 1:00,0
27-02-17 2:00,0
27-02-17 3:00,0
27-02-17 4:00,0
27-02-17 5:00,0
27-02-17 6:00,0
27-02-17 7:00,1076.742622
27-02-17 8:00,1076.742622
27-02-17 9:00,1076.742622
27-02-17 10:00,1076.742622
27-02-17 11:00,1076.742622
27-02-17 12:00,1076.742622
27-02-17 13:00,1076.742622
27-02-17 14:00,1076.742622
27-02-17 15:00,1076.742622
27-02-17 16:00,1076.742622
27-02-17 17:00,0
27-02-17 18:00,0
27-02-17 19:00,0
27-02-17 20:00,0
27-02-17 21:00,0
27-02-17 22:00,0
27-02-17 23:00,0
28-02-17 0:00,0
28-02-17 1:00,0
28-02-17 2:00,0
28-02-17 3:00,0
28-02-17 4:00,0
28-02-17 5:00,0
28-02-17 6:00,0
28-02-17 7:00,1076.742622
28-02-17 8:00,1076.742622
28-02-17 9:00,1076.742622
28-02-17 10:00,1076.742622
28-02-17 11:00,1076.742622
28-02-17 12:00,1076.742622
28-02-17 13:00,1076.742622
28-02-17 14:00,1076.742622
28-02-17 15:00,1076.742622
28-02-17 16:00,1076.742622
28-02-17 17:00,0
28-02-17 18:00,0
28-02-17 19:00,0
28-02-17 20:00,0
28-02-17 21:00,0
28-02-17 22:00,0
28-02-17 23:00,0
01-03-17 0:00,0
01-03-17 1:00,0
01-03-17 2:00,0
01-03-17 3:00,0
01-03-17 4:00,0
01-03-17 5:00,0
01-03-17 6:00,0
01-03-17 7:00,1076.742622
01-03-17 8:00,1076.742622
01-03-17 9:00,1076.742622
01-03-17 10:00,1076.742622
01-03-17 11:00,1076.742622
01-03-17 12:00,1076.742622
01-03-17 13:00,1076.742622
01-03-17 14:00,1076.742622
01-03-17 15:00,1076.742622
01-03-17 16:00,1076.742622
01-03-17 17:00,0
01-03-17 18:00,0
01-03-17 19:00,0
01-03-17 20:00,0
01-03-17 21:00,0
01-03-17 22:00,0
01-03-17 23:00,0
02-03-17 0:00,0
02-03-17 1:00,0
02-03-17 2:00,0
02-03-17 3:00,0
02-03-17 4:00,0
02-03-17 5:00,0
02-03-17 6:00,0
02-03-17 7:00,1076.742622
02-03-17 8:00,1076.742622
02-03-17 9:00,1076.742622
02-03-17 10:00,1076.742622
02-03-17 11:00,1076.742622
02-03-17 12:00,1076.742622
02-03-17 13:00,1076.742622
02-03-17 14:00,1076.742622
02-03-17 15:00,1076.742622
02-03-17 16:00,1076.742622
02-03-17 17:00,0
02-03-17 18:00,0
02-03-17 19:00,0
02-03-17 20:00,0
02-03-17 21:00,0
02-03-17 22:00,0
02-03-17 23:00,0
03-03-17 0:00,0
03-03-17 1:00,0
03-03-17 2:00,0
03-03-17 3:00,0
03-03-17 4:00,0
03-03-17 5:00,0
03-03-17 6:00,0
03-03-17 7:00,1076.742622
03-03-17 8:00,1076.742622
03-03-17 9:00,1076.742622
03-03-17 10:00,1076.742622
03-03-17 11:00,1076.742622
03-03-17 12:00,1076.742622
03-03-17 13:00,1076.742622
03-03-17 14:00,1076.742622
03-03-17 15:00,1076.742622
03-03-17 16:00,1076.742622
03-03-17 17:00,0
03-03-17 18:00,0
03-03-17 19:00,0
03-03-17 20:00,0
03-03-17 21:00,0
03-03-17 22:00,0
03-03-17 23:00,0
04-03-17 0:00,0
04-03-17 1:00,0
04-03-17 2:00,0
04-03-17 3:00,0
04-03-17 4:00,0
04-03-17 5:00,0
04-03-17 6:00,0
04-03-17 7:00,0
04-03-17 8:00,0
04-03-17 9:00,0
04-03-17 10:00,0
04-03-17 11:00,0
04-03-17 12:00,0
04-03-17 13:00,0
04-03-17 14:00,0
04-03-17 15:00,0
04-03-17 16:00,0
04-03-17 17:00,0
04-03-17 18:00,0
04-03-17 19:00,0
04-03-17 20:00,0
04-03-17 21:00,0
04-03-17 22:00,0
04-03-17 23:00,0
05-03-17 0:00,0
05-03-17 1:00,0
05-03-17 2:00,0
05-03-17 3:00,0
05-03-17 4:00,0
05-03-17 5:00,0
05-03-17 6:00,0
05-03-17 7:00,0
05-03-17 8:00,0
05-03-17 9:00,0
05-03-17 10:00,0
05-03-17 11:00,0
05-03-17 12:00,0
05-03-17 13:00,0
05-03-17 14:00,0
05-03-17 15:00,0
05-03-17 16:00,0
05-03-17 17:00,0
05-03-17 18:00,0
05-03-17 19:00,0
05-03-17 20:00,0
05-03-17 21:00,0
05-03-17 22:00,0
05-03-17 23:00,0
06-03-17 0:00,0
06-03-17 1:00,0
06-03-17 2:00,0
06-03-17 3:00,0
06-03-17 4:00,0
06-03-17 5:00,0
06-03-17 6:00,0
06-03-17 7:00,981.9025745
06-03-17 8:00,981.9025745
06-03-17 9:00,981.9025745
06-03-17 10:00,981.9025745
06-03-17 11:00,981.9025745
06-03-17 12:00,981.9025745
06-03-17 13:00,981.9025745
06-03-17 14:00,981.9025745
06-03-17 15:00,981.9025745
06-03-17 16:00,981.9025745
06-03-17 17:00,0
06-03-17 18:00,0
06-03-17 19:00,0
06-03-17 20:00,0
06-03-17 21:00,0
06-03-17 22:00,0
06-03-17 23:00,0
07-03-17 0:00,0
07-03-17 1:00,0
07-03-17 2:00,0
07-03-17 3:00,0
07-03-17 4:00,0
07-03-17 5:00,0
07-03-17 6:00,0
07-03-17 7:00,981.9025745
07-03-17 8:00,981.9025745
07-03-17 9:00,981.9025745
07-03-17 10:00,981.9025745
07-03-17 11:00,981.9025745
07-03-17 12:00,981.9025745
07-03-17 13:00,981.9025745
07-03-17 14:00,981.9025745
07-03-17 15:00,981.9025745
07-03-17 16:00,981.9025745
07-03-17 17:00,0
07-03-17 18:00,0
07-03-17 19:00,0
07-03-17 20:00,0
07-03-17 21:00,0
07-03-17 22:00,0
07-03-17 23:00,0
08-03-17 0:00,0
08-03-17 1:00,0
08-03-17 2:00,0
08-03-17 3:00,0
08-03-17 4:00,0
08-03-17 5:00,0
08-03-17 6:00,0
08-03-17 7:00,981.9025745
08-03-17 8:00,981.9025745
08-03-17 9:00,981.9025745
08-03-17 10:00,981.9025745
08-03-17 11:00,981.9025745
08-03-17 12:00,981.9025745
08-03-17 13:00,981.9025745
08-03-17 14:00,981.9025745
08-03-17 15:00,981.9025745
08-03-17 16:00,981.9025745
08-03-17 17:00,0
08-03-17 18:00,0
08-03-17 19:00,0
08-03-17 20:00,0
08-03-17 21:00,0
08-03-17 22:00,0
08-03-17 23:00,0
09-03-17 0:00,0
09-03-17 1:00,0
09-03-17 2:00,0
09-03-17 3:00,0
09-03-17 4:00,0
09-03-17 5:00,0
09-03-17 6:00,0
09-03-17 7:00,981.9025745
09-03-17 8:00,981.9025745
09-03-17 9:00,981.9025745
09-03-17 10:00,981.9025745
09-03-17 11:00,981.9025745
09-03-17 12:00,981.9025745
09-03-17 13:00,981.9025745
09-03-17 14:00,981.9025745
09-03-17 15:00,981.9025745
09-03-17 16:00,981.9025745
09-03-17 17:00,0
09-03-17 18:00,0
09-03-17 19:00,0
09-03-17 20:00,0
09-03-17 21:00,0
09-03-17 22:00,0
09-03-17 23:00,0
10-03-17 0:00,0
10-03-17 1:00,0
10-03-17 2:00,0
10-03-17 3:00,0
10-03-17 4:00,0
10-03-17 5:00,0
10-03-17 6:00,0
10-03-17 7:00,981.9025745
10-03-17 8:00,981.9025745
10-03-17 9:00,981.9025745
10-03-17 10:00,981.9025745
10-03-17 11:00,981.9025745
10-03-17 12:00,981.9025745
10-03-17 13:00,981.9025745
10-03-17 14:00,981.9025745
10-03-17 15:00,981.9025745
10-03-17 16:00,981.9025745
10-03-17 17:00,0
10-03-17 18:00,0
10-03-17 19:00,0
10-03-17 20:00,0
10-03-17 21:00,0
10-03-17 22:00,0
10-03-17 23:00,0
11-03-17 0:00,0
11-03-17 1:00,0
11-03-17 2:00,0
11-03-17 3:00,0
11-03-17 4:00,0
11-03-17 5:00,0
11-03-17 6:00,0
11-03-17 7:00,0
11-03-17 8:00,0
11-03-17 9:00,0
11-03-17 10:00,0
11-03-17 11:00,0
11-03-17 12:00,0
11-03-17 13:00,0
11-03-17 14:00,0
11-03-17 15:00,0
11-03-17 16:00,0
11-03-17 17:00,0
11-03-17 18:00,0
11-03-17 19:00,0
11-03-17 20:00,0
11-03-17 21:00,0
11-03-17 22:00,0
11-03-17 23:00,0
12-03-17 0:00,0
12-03-17 1:00,0
12-03-17 2:00,0
12-03-17 3:00,0
12-03-17 4:00,0
12-03-17 5:00,0
12-03-17 6:00,0
12-03-17 7:00,0
12-03-17 8:00,0
12-03-17 9:00,0
12-03-17 10:00,0
12-03-17 11:00,0
12-03-17 12:00,0
12-03-17 13:00,0
12-03-17 14:00,0
12-03-17 15:00,0
12-03-17 16:00,0
12-03-17 17:00,0
12-03-17 18:00,0
12-03-17 19:00,0
12-03-17 20:00,0
12-03-17 21:00,0
12-03-17 22:00,0
12-03-17 23:00,0
13-03-17 0:00,0
13-03-17 1:00,0
13-03-17 2:00,0
13-03-17 3:00,0
13-03-17 4:00,0
13-03-17 5:00,0
13-03-17 6:00,0
13-03-17 7:00,792.2224795
13-03-17 8:00,792.2224795
13-03-17 9:00,792.2224795
13-03-17 10:00,792.2224795
13-03-17 11:00,792.2224795
13-03-17 12:00,792.2224795
13-03-17 13:00,792.2224795
13-03-17 14:00,792.2224795
13-03-17 15:00,792.2224795
13-03-17 16:00,792.2224795
13-03-17 17:00,0
13-03-17 18:00,0
13-03-17 19:00,0
13-03-17 20:00,0
13-03-17 21:00,0
13-03-17 22:00,0
13-03-17 23:00,0
14-03-17 0:00,0
14-03-17 1:00,0
14-03-17 2:00,0
14-03-17 3:00,0
14-03-17 4:00,0
14-03-17 5:00,0
14-03-17 6:00,0
14-03-17 7:00,792.2224795
14-03-17 8:00,792.2224795
14-03-17 9:00,792.2224795
14-03-17 10:00,792.2224795
14-03-17 11:00,792.2224795
14-03-17 12:00,792.2224795
14-03-17 13:00,792.2224795
14-03-17 14:00,792.2224795
14-03-17 15:00,792.2224795
14-03-17 16:00,792.2224795
14-03-17 17:00,0
14-03-17 18:00,0
14-03-17 19:00,0
14-03-17 20:00,0
14-03-17 21:00,0
14-03-17 22:00,0
14-03-17 23:00,0
15-03-17 0:00,0
15-03-17 1:00,0
15-03-17 2:00,0
15-03-17 3:00,0
15-03-17 4:00,0
15-03-17 5:00,0
15-03-17 6:00,0
15-03-17 7:00,792.2224795
15-03-17 8:00,792.2224795
15-03-17 9:00,792.2224795
15-03-17 10:00,792.2224795
15-03-17 11:00,792.2224795
15-03-17 12:00,792.2224795
15-03-17 13:00,792.2224795
15-03-17 14:00,792.2224795
15-03-17 15:00,792.2224795
15-03-17 16:00,792.2224795
15-03-17 17:00,0
15-03-17 18:00,0
15-03-17 19:00,0
15-03-17 20:00,0
15-03-17 21:00,0
15-03-17 22:00,0
15-03-17 23:00,0
16-03-17 0:00,0
16-03-17 1:00,0
16-03-17 2:00,0
16-03-17 3:00,0
16-03-17 4:00,0
16-03-17 5:00,0
16-03-17 6:00,0
16-03-17 7:00,792.2224795
16-03-17 8:00,792.2224795
16-03-17 9:00,792.2224795
16-03-17 10:00,792.2224795
16-03-17 11:00,792.2224795
16-03-17 12:00,792.2224795
16-03-17 13:00,792.2224795
16-03-17 14:00,792.2224795
16-03-17 15:00,792.2224795
16-03-17 16:00,792.2224795
16-03-17 17:00,0
16-03-17 18:00,0
16-03-17 19:00,0
16-03-17 20:00,0
16-03-17 21:00,0
16-03-17 22:00,0
16-03-17 23:00,0
17-03-17 0:00,0
17-03-17 1:00,0
17-03-17 2:00,0
17-03-17 3:00,0
17-03-17 4:00,0
17-03-17 5:00,0
17-03-17 6:00,0
17-03-17 7:00,792.2224795
17-03-17 8:00,792.2224795
17-03-17 9:00,792.2224795
17-03-17 10:00,792.2224795
17-03-17 11:00,792.2224795
17-03-17 12:00,792.2224795
17-03-17 13:00,792.2224795
17-03-17 14:00,792.2224795
17-03-17 15:00,792.2224795
17-03-17 16:00,792.2224795
17-03-17 17:00,0
17-03-17 18:00,0
17-03-17 19:00,0
17-03-17 20:00,0
17-03-17 21:00,0
17-03-17 22:00,0
17-03-17 23:00,0
18-03-17 0:00,0
18-03-17 1:00,0
18-03-17 2:00,0
18-03-17 3:00,0
18-03-17 4:00,0
18-03-17 5:00,0
18-03-17 6:00,0
18-03-17 7:00,0
18-03-17 8:00,0
18-03-17 9:00,0
18-03-17 10:00,0
18-03-17 11:00,0
18-03-17 12:00,0
18-03-17 13:00,0
18-03-17 14:00,0
18-03-17 15:00,0
18-03-17 16:00,0
18-03-17 17:00,0
18-03-17 18:00,0
18-03-17 19:00,0
18-03-17 20:00,0
18-03-17 21:00,0
18-03-17 22:00,0
18-03-17 23:00,0
19-03-17 0:00,0
19-03-17 1:00,0
19-03-17 2:00,0
19-03-17 3:00,0
19-03-17 4:00,0
19-03-17 5:00,0
19-03-17 6:00,0
19-03-17 7:00,0
19-03-17 8:00,0
19-03-17 9:00,0
19-03-17 10:00,0
19-03-17 11:00,0
19-03-17 12:00,0
19-03-17 13:00,0
19-03-17 14:00,0
19-03-17 15:00,0
19-03-17 16:00,0
19-03-17 17:00,0
19-03-17 18:00,0
19-03-17 19:00,0
19-03-17 20:00,0
19-03-17 21:00,0
19-03-17 22:00,0
19-03-17 23:00,0
20-03-17 0:00,0
20-03-17 1:00,0
20-03-17 2:00,0
20-03-17 3:00,0
20-03-17 4:00,0
20-03-17 5:00,0
20-03-17 6:00,0
20-03-17 7:00,709.2374379
20-03-17 8:00,709.2374379
20-03-17 9:00,709.2374379
20-03-17 10:00,709.2374379
20-03-17 11:00,709.2374379
20-03-17 12:00,709.2374379
20-03-17 13:00,709.2374379
20-03-17 14:00,709.2374379
20-03-17 15:00,709.2374379
20-03-17 16:00,709.2374379
20-03-17 17:00,0
20-03-17 18:00,0
20-03-17 19:00,0
20-03-17 20:00,0
20-03-17 21:00,0
20-03-17 22:00,0
20-03-17 23:00,0
21-03-17 0:00,0
21-03-17 1:00,0
21-03-17 2:00,0
21-03-17 3:00,0
21-03-17 4:00,0
21-03-17 5:00,0
21-03-17 6:00,0
21-03-17 7:00,709.2374379
21-03-17 8:00,709.2374379
21-03-17 9:00,709.2374379
21-03-17 10:00,709.2374379
21-03-17 11:00,709.2374379
21-03-17 12:00,709.2374379
21-03-17 13:00,709.2374379
21-03-17 14:00,709.2374379
21-03-17 15:00,709.2374379
21-03-17 16:00,709.2374379
21-03-17 17:00,0
21-03-17 18:00,0
21-03-17 19:00,0
21-03-17 20:00,0
21-03-17 21:00,0
21-03-17 22:00,0
21-03-17 23:00,0
22-03-17 0:00,0
22-03-17 1:00,0
22-03-17 2:00,0
22-03-17 3:00,0
22-03-17 4:00,0
22-03-17 5:00,0
22-03-17 6:00,0
22-03-17 7:00,709.2374379
22-03-17 8:00,709.2374379
22-03-17 9:00,709.2374379
22-03-17 10:00,709.2374379
22-03-17 11:00,709.2374379
22-03-17 12:00,709.2374379
22-03-17 13:00,709.2374379
22-03-17 14:00,709.2374379
22-03-17 15:00,709.2374379
22-03-17 16:00,709.2374379
22-03-17 17:00,0
22-03-17 18:00,0
22-03-17 19:00,0
22-03-17 20:00,0
22-03-17 21:00,0
22-03-17 22:00,0
22-03-17 23:00,0
23-03-17 0:00,0
23-03-17 1:00,0
23-03-17 2:00,0
23-03-17 3:00,0
23-03-17 4:00,0
23-03-17 5:00,0
23-03-17 6:00,0
23-03-17 7:00,709.2374379
23-03-17 8:00,709.2374379
23-03-17 9:00,709.2374379
23-03-17 10:00,709.2374379
23-03-17 11:00,709.2374379
23-03-17 12:00,709.2374379
23-03-17 13:00,709.2374379
23-03-17 14:00,709.2374379
23-03-17 15:00,709.2374379
23-03-17 16:00,709.2374379
23-03-17 17:00,0
23-03-17 18:00,0
23-03-17 19:00,0
23-03-17 20:00,0
23-03-17 21:00,0
23-03-17 22:00,0
23-03-17 23:00,0
24-03-17 0:00,0
24-03-17 1:00,0
24-03-17 2:00,0
24-03-17 3:00,0
24-03-17 4:00,0
24-03-17 5:00,0
24-03-17 6:00,0
24-03-17 7:00,709.2374379
24-03-17 8:00,709.2374379
24-03-17 9:00,709.2374379
24-03-17 10:00,709.2374379
24-03-17 11:00,709.2374379
24-03-17 12:00,709.2374379
24-03-17 13:00,709.2374379
24-03-17 14:00,709.2374379
24-03-17 15:00,709.2374379
24-03-17 16:00,709.2374379
24-03-17 17:00,0
24-03-17 18:00,0
24-03-17 19:00,0
24-03-17 20:00,0
24-03-17 21:00,0
24-03-17 22:00,0
24-03-17 23:00,0
25-03-17 0:00,0
25-03-17 1:00,0
25-03-17 2:00,0
25-03-17 3:00,0
25-03-17 4:00,0
25-03-17 5:00,0
25-03-17 6:00,0
25-03-17 7:00,0
25-03-17 8:00,0
25-03-17 9:00,0
25-03-17 10:00,0
25-03-17 11:00,0
25-03-17 12:00,0
25-03-17 13:00,0
25-03-17 14:00,0
25-03-17 15:00,0
25-03-17 16:00,0
25-03-17 17:00,0
25-03-17 18:00,0
25-03-17 19:00,0
25-03-17 20:00,0
25-03-17 21:00,0
25-03-17 22:00,0
25-03-17 23:00,0
26-03-17 0:00,0
26-03-17 1:00,0
26-03-17 2:00,0
26-03-17 3:00,0
26-03-17 4:00,0
26-03-17 5:00,0
26-03-17 6:00,0
26-03-17 7:00,0
26-03-17 8:00,0
26-03-17 9:00,0
26-03-17 10:00,0
26-03-17 11:00,0
26-03-17 12:00,0
26-03-17 13:00,0
26-03-17 14:00,0
26-03-17 15:00,0
26-03-17 16:00,0
26-03-17 17:00,0
26-03-17 18:00,0
26-03-17 19:00,0
26-03-17 20:00,0
26-03-17 21:00,0
26-03-17 22:00,0
26-03-17 23:00,0
27-03-17 0:00,0
27-03-17 1:00,0
27-03-17 2:00,0
27-03-17 3:00,0
27-03-17 4:00,0
27-03-17 5:00,0
27-03-17 6:00,0
27-03-17 7:00,199.4721824
27-03-17 8:00,199.4721824
27-03-17 9:00,199.4721824
27-03-17 10:00,199.4721824
27-03-17 11:00,199.4721824
27-03-17 12:00,199.4721824
27-03-17 13:00,199.4721824
27-03-17 14:00,199.4721824
27-03-17 15:00,199.4721824
27-03-17 16:00,199.4721824
27-03-17 17:00,0
27-03-17 18:00,0
27-03-17 19:00,0
27-03-17 20:00,0
27-03-17 21:00,0
27-03-17 22:00,0
27-03-17 23:00,0
28-03-17 0:00,0
28-03-17 1:00,0
28-03-17 2:00,0
28-03-17 3:00,0
28-03-17 4:00,0
28-03-17 5:00,0
28-03-17 6:00,0
28-03-17 7:00,199.4721824
28-03-17 8:00,199.4721824
28-03-17 9:00,199.4721824
28-03-17 10:00,199.4721824
28-03-17 11:00,199.4721824
28-03-17 12:00,199.4721824
28-03-17 13:00,199.4721824
28-03-17 14:00,199.4721824
28-03-17 15:00,199.4721824
28-03-17 16:00,199.4721824
28-03-17 17:00,0
28-03-17 18:00,0
28-03-17 19:00,0
28-03-17 20:00,0
28-03-17 21:00,0
28-03-17 22:00,0
28-03-17 23:00,0
29-03-17 0:00,0
29-03-17 1:00,0
29-03-17 2:00,0
29-03-17 3:00,0
29-03-17 4:00,0
29-03-17 5:00,0
29-03-17 6:00,0
29-03-17 7:00,199.4721824
29-03-17 8:00,199.4721824
29-03-17 9:00,199.4721824
29-03-17 10:00,199.4721824
29-03-17 11:00,199.4721824
29-03-17 12:00,199.4721824
29-03-17 13:00,199.4721824
29-03-17 14:00,199.4721824
29-03-17 15:00,199.4721824
29-03-17 16:00,199.4721824
29-03-17 17:00,0
29-03-17 18:00,0
29-03-17 19:00,0
29-03-17 20:00,0
29-03-17 21:00,0
29-03-17 22:00,0
29-03-17 23:00,0
30-03-17 0:00,0
30-03-17 1:00,0
30-03-17 2:00,0
30-03-17 3:00,0
30-03-17 4:00,0
30-03-17 5:00,0
30-03-17 6:00,0
30-03-17 7:00,199.4721824
30-03-17 8:00,199.4721824
30-03-17 9:00,199.4721824
30-03-17 10:00,199.4721824
30-03-17 11:00,199.4721824
30-03-17 12:00,199.4721824
30-03-17 13:00,199.4721824
30-03-17 14:00,199.4721824
30-03-17 15:00,199.4721824
30-03-17 16:00,199.4721824
30-03-17 17:00,0
30-03-17 18:00,0
30-03-17 19:00,0
30-03-17 20:00,0
30-03-17 21:00,0
30-03-17 22:00,0
30-03-17 23:00,0
31-03-17 0:00,0
31-03-17 1:00,0
31-03-17 2:00,0
31-03-17 3:00,0
31-03-17 4:00,0
31-03-17 5:00,0
31-03-17 6:00,0
31-03-17 7:00,199.4721824
31-03-17 8:00,199.4721824
31-03-17 9:00,199.4721824
31-03-17 10:00,199.4721824
31-03-17 11:00,199.4721824
31-03-17 12:00,199.4721824
31-03-17 13:00,199.4721824
31-03-17 14:00,199.4721824
31-03-17 15:00,199.4721824
31-03-17 16:00,199.4721824
31-03-17 17:00,0
31-03-17 18:00,0
31-03-17 19:00,0
31-03-17 20:00,0
31-03-17 21:00,0
31-03-17 22:00,0
31-03-17 23:00,0
01-04-17 0:00,0
01-04-17 1:00,0
01-04-17 2:00,0
01-04-17 3:00,0
01-04-17 4:00,0
01-04-17 5:00,0
01-04-17 6:00,0
01-04-17 7:00,0
01-04-17 8:00,0
01-04-17 9:00,0
01-04-17 10:00,0
01-04-17 11:00,0
01-04-17 12:00,0
01-04-17 13:00,0
01-04-17 14:00,0
01-04-17 15:00,0
01-04-17 16:00,0
01-04-17 17:00,0
01-04-17 18:00,0
01-04-17 19:00,0
01-04-17 20:00,0
01-04-17 21:00,0
01-04-17 22:00,0
01-04-17 23:00,0
02-04-17 0:00,0
02-04-17 1:00,0
02-04-17 2:00,0
02-04-17 3:00,0
02-04-17 4:00,0
02-04-17 5:00,0
02-04-17 6:00,0
02-04-17 7:00,0
02-04-17 8:00,0
02-04-17 9:00,0
02-04-17 10:00,0
02-04-17 11:00,0
02-04-17 12:00,0
02-04-17 13:00,0
02-04-17 14:00,0
02-04-17 15:00,0
02-04-17 16:00,0
02-04-17 17:00,0
02-04-17 18:00,0
02-04-17 19:00,0
02-04-17 20:00,0
02-04-17 21:00,0
02-04-17 22:00,0
02-04-17 23:00,0
03-04-17 0:00,0
03-04-17 1:00,0
03-04-17 2:00,0
03-04-17 3:00,0
03-04-17 4:00,0
03-04-17 5:00,0
03-04-17 6:00,0
03-04-17 7:00,555.1223607
03-04-17 8:00,555.1223607
03-04-17 9:00,555.1223607
03-04-17 10:00,555.1223607
03-04-17 11:00,555.1223607
03-04-17 12:00,555.1223607
03-04-17 13:00,555.1223607
03-04-17 14:00,555.1223607
03-04-17 15:00,555.1223607
03-04-17 16:00,555.1223607
03-04-17 17:00,0
03-04-17 18:00,0
03-04-17 19:00,0
03-04-17 20:00,0
03-04-17 21:00,0
03-04-17 22:00,0
03-04-17 23:00,0
04-04-17 0:00,0
04-04-17 1:00,0
04-04-17 2:00,0
04-04-17 3:00,0
04-04-17 4:00,0
04-04-17 5:00,0
04-04-17 6:00,0
04-04-17 7:00,555.1223607
04-04-17 8:00,555.1223607
04-04-17 9:00,555.1223607
04-04-17 10:00,555.1223607
04-04-17 11:00,555.1223607
04-04-17 12:00,555.1223607
04-04-17 13:00,555.1223607
04-04-17 14:00,555.1223607
04-04-17 15:00,555.1223607
04-04-17 16:00,555.1223607
04-04-17 17:00,0
04-04-17 18:00,0
04-04-17 19:00,0
04-04-17 20:00,0
04-04-17 21:00,0
04-04-17 22:00,0
04-04-17 23:00,0
05-04-17 0:00,0
05-04-17 1:00,0
05-04-17 2:00,0
05-04-17 3:00,0
05-04-17 4:00,0
05-04-17 5:00,0
05-04-17 6:00,0
05-04-17 7:00,555.1223607
05-04-17 8:00,555.1223607
05-04-17 9:00,555.1223607
05-04-17 10:00,555.1223607
05-04-17 11:00,555.1223607
05-04-17 12:00,555.1223607
05-04-17 13:00,555.1223607
05-04-17 14:00,555.1223607
05-04-17 15:00,555.1223607
05-04-17 16:00,555.1223607
05-04-17 17:00,0
05-04-17 18:00,0
05-04-17 19:00,0
05-04-17 20:00,0
05-04-17 21:00,0
05-04-17 22:00,0
05-04-17 23:00,0
06-04-17 0:00,0
06-04-17 1:00,0
06-04-17 2:00,0
06-04-17 3:00,0
06-04-17 4:00,0
06-04-17 5:00,0
06-04-17 6:00,0
06-04-17 7:00,555.1223607
06-04-17 8:00,555.1223607
06-04-17 9:00,555.1223607
06-04-17 10:00,555.1223607
06-04-17 11:00,555.1223607
06-04-17 12:00,555.1223607
06-04-17 13:00,555.1223607
06-04-17 14:00,555.1223607
06-04-17 15:00,555.1223607
06-04-17 16:00,555.1223607
06-04-17 17:00,0
06-04-17 18:00,0
06-04-17 19:00,0
06-04-17 20:00,0
06-04-17 21:00,0
06-04-17 22:00,0
06-04-17 23:00,0
07-04-17 0:00,0
07-04-17 1:00,0
07-04-17 2:00,0
07-04-17 3:00,0
07-04-17 4:00,0
07-04-17 5:00,0
07-04-17 6:00,0
07-04-17 7:00,555.1223607
07-04-17 8:00,555.1223607
07-04-17 9:00,555.1223607
07-04-17 10:00,555.1223607
07-04-17 11:00,555.1223607
07-04-17 12:00,555.1223607
07-04-17 13:00,555.1223607
07-04-17 14:00,555.1223607
07-04-17 15:00,555.1223607
07-04-17 16:00,555.1223607
07-04-17 17:00,0
07-04-17 18:00,0
07-04-17 19:00,0
07-04-17 20:00,0
07-04-17 21:00,0
07-04-17 22:00,0
07-04-17 23:00,0
08-04-17 0:00,0
08-04-17 1:00,0
08-04-17 2:00,0
08-04-17 3:00,0
08-04-17 4:00,0
08-04-17 5:00,0
08-04-17 6:00,0
08-04-17 7:00,0
08-04-17 8:00,0
08-04-17 9:00,0
08-04-17 10:00,0
08-04-17 11:00,0
08-04-17 12:00,0
08-04-17 13:00,0
08-04-17 14:00,0
08-04-17 15:00,0
08-04-17 16:00,0
08-04-17 17:00,0
08-04-17 18:00,0
08-04-17 19:00,0
08-04-17 20:00,0
08-04-17 21:00,0
08-04-17 22:00,0
08-04-17 23:00,0
09-04-17 0:00,0
09-04-17 1:00,0
09-04-17 2:00,0
09-04-17 3:00,0
09-04-17 4:00,0
09-04-17 5:00,0
09-04-17 6:00,0
09-04-17 7:00,0
09-04-17 8:00,0
09-04-17 9:00,0
09-04-17 10:00,0
09-04-17 11:00,0
09-04-17 12:00,0
09-04-17 13:00,0
09-04-17 14:00,0
09-04-17 15:00,0
09-04-17 16:00,0
09-04-17 17:00,0
09-04-17 18:00,0
09-04-17 19:00,0
09-04-17 20:00,0
09-04-17 21:00,0
09-04-17 22:00,0
09-04-17 23:00,0
10-04-17 0:00,0
10-04-17 1:00,0
10-04-17 2:00,0
10-04-17 3:00,0
10-04-17 4:00,0
10-04-17 5:00,0
10-04-17 6:00,0
10-04-17 7:00,483.992325
10-04-17 8:00,483.992325
10-04-17 9:00,483.992325
10-04-17 10:00,483.992325
10-04-17 11:00,483.992325
10-04-17 12:00,483.992325
10-04-17 13:00,483.992325
10-04-17 14:00,483.992325
10-04-17 15:00,483.992325
10-04-17 16:00,483.992325
10-04-17 17:00,0
10-04-17 18:00,0
10-04-17 19:00,0
10-04-17 20:00,0
10-04-17 21:00,0
10-04-17 22:00,0
10-04-17 23:00,0
11-04-17 0:00,0
11-04-17 1:00,0
11-04-17 2:00,0
11-04-17 3:00,0
11-04-17 4:00,0
11-04-17 5:00,0
11-04-17 6:00,0
11-04-17 7:00,483.992325
11-04-17 8:00,483.992325
11-04-17 9:00,483.992325
11-04-17 10:00,483.992325
11-04-17 11:00,483.992325
11-04-17 12:00,483.992325
11-04-17 13:00,483.992325
11-04-17 14:00,483.992325
11-04-17 15:00,483.992325
11-04-17 16:00,483.992325
11-04-17 17:00,0
11-04-17 18:00,0
11-04-17 19:00,0
11-04-17 20:00,0
11-04-17 21:00,0
11-04-17 22:00,0
11-04-17 23:00,0
12-04-17 0:00,0
12-04-17 1:00,0
12-04-17 2:00,0
12-04-17 3:00,0
12-04-17 4:00,0
12-04-17 5:00,0
12-04-17 6:00,0
12-04-17 7:00,483.992325
12-04-17 8:00,483.992325
12-04-17 9:00,483.992325
12-04-17 10:00,483.992325
12-04-17 11:00,483.992325
12-04-17 12:00,483.992325
12-04-17 13:00,483.992325
12-04-17 14:00,483.992325
12-04-17 15:00,483.992325
12-04-17 16:00,483.992325
12-04-17 17:00,0
12-04-17 18:00,0
12-04-17 19:00,0
12-04-17 20:00,0
12-04-17 21:00,0
12-04-17 22:00,0
12-04-17 23:00,0
13-04-17 0:00,0
13-04-17 1:00,0
13-04-17 2:00,0
13-04-17 3:00,0
13-04-17 4:00,0
13-04-17 5:00,0
13-04-17 6:00,0
13-04-17 7:00,483.992325
13-04-17 8:00,483.992325
13-04-17 9:00,483.992325
13-04-17 10:00,483.992325
13-04-17 11:00,483.992325
13-04-17 12:00,483.992325
13-04-17 13:00,483.992325
13-04-17 14:00,483.992325
13-04-17 15:00,483.992325
13-04-17 16:00,483.992325
13-04-17 17:00,0
13-04-17 18:00,0
13-04-17 19:00,0
13-04-17 20:00,0
13-04-17 21:00,0
13-04-17 22:00,0
13-04-17 23:00,0
14-04-17 0:00,0
14-04-17 1:00,0
14-04-17 2:00,0
14-04-17 3:00,0
14-04-17 4:00,0
14-04-17 5:00,0
14-04-17 6:00,0
14-04-17 7:00,483.992325
14-04-17 8:00,483.992325
14-04-17 9:00,483.992325
14-04-17 10:00,483.992325
14-04-17 11:00,483.992325
14-04-17 12:00,483.992325
14-04-17 13:00,483.992325
14-04-17 14:00,483.992325
14-04-17 15:00,483.992325
14-04-17 16:00,483.992325
14-04-17 17:00,0
14-04-17 18:00,0
14-04-17 19:00,0
14-04-17 20:00,0
14-04-17 21:00,0
14-04-17 22:00,0
14-04-17 23:00,0
15-04-17 0:00,0
15-04-17 1:00,0
15-04-17 2:00,0
15-04-17 3:00,0
15-04-17 4:00,0
15-04-17 5:00,0
15-04-17 6:00,0
15-04-17 7:00,0
15-04-17 8:00,0
15-04-17 9:00,0
15-04-17 10:00,0
15-04-17 11:00,0
15-04-17 12:00,0
15-04-17 13:00,0
15-04-17 14:00,0
15-04-17 15:00,0
15-04-17 16:00,0
15-04-17 17:00,0
15-04-17 18:00,0
15-04-17 19:00,0
15-04-17 20:00,0
15-04-17 21:00,0
15-04-17 22:00,0
15-04-17 23:00,0
16-04-17 0:00,0
16-04-17 1:00,0
16-04-17 2:00,0
16-04-17 3:00,0
16-04-17 4:00,0
16-04-17 5:00,0
16-04-17 6:00,0
16-04-17 7:00,0
16-04-17 8:00,0
16-04-17 9:00,0
16-04-17 10:00,0
16-04-17 11:00,0
16-04-17 12:00,0
16-04-17 13:00,0
16-04-17 14:00,0
16-04-17 15:00,0
16-04-17 16:00,0
16-04-17 17:00,0
16-04-17 18:00,0
16-04-17 19:00,0
16-04-17 20:00,0
16-04-17 21:00,0
16-04-17 22:00,0
16-04-17 23:00,0
17-04-17 0:00,0
17-04-17 1:00,0
17-04-17 2:00,0
17-04-17 3:00,0
17-04-17 4:00,0
17-04-17 5:00,0
17-04-17 6:00,0
17-04-17 7:00,451.1757688
17-04-17 8:00,451.1757688
17-04-17 9:00,451.1757688
17-04-17 10:00,451.1757688
17-04-17 11:00,451.1757688
17-04-17 12:00,451.1757688
17-04-17 13:00,451.1757688
17-04-17 14:00,451.1757688
17-04-17 15:00,451.1757688
17-04-17 16:00,451.1757688
17-04-17 17:00,0
17-04-17 18:00,0
17-04-17 19:00,0
17-04-17 20:00,0
17-04-17 21:00,0
17-04-17 22:00,0
17-04-17 23:00,0
18-04-17 0:00,0
18-04-17 1:00,0
18-04-17 2:00,0
18-04-17 3:00,0
18-04-17 4:00,0
18-04-17 5:00,0
18-04-17 6:00,0
18-04-17 7:00,451.1757688
18-04-17 8:00,451.1757688
18-04-17 9:00,451.1757688
18-04-17 10:00,451.1757688
18-04-17 11:00,451.1757688
18-04-17 12:00,451.1757688
18-04-17 13:00,451.1757688
18-04-17 14:00,451.1757688
18-04-17 15:00,451.1757688
18-04-17 16:00,451.1757688
18-04-17 17:00,0
18-04-17 18:00,0
18-04-17 19:00,0
18-04-17 20:00,0
18-04-17 21:00,0
18-04-17 22:00,0
18-04-17 23:00,0
19-04-17 0:00,0
19-04-17 1:00,0
19-04-17 2:00,0
19-04-17 3:00,0
19-04-17 4:00,0
19-04-17 5:00,0
19-04-17 6:00,0
19-04-17 7:00,451.1757688
19-04-17 8:00,451.1757688
19-04-17 9:00,451.1757688
19-04-17 10:00,451.1757688
19-04-17 11:00,451.1757688
19-04-17 12:00,451.1757688
19-04-17 13:00,451.1757688
19-04-17 14:00,451.1757688
19-04-17 15:00,451.1757688
19-04-17 16:00,451.1757688
19-04-17 17:00,0
19-04-17 18:00,0
19-04-17 19:00,0
19-04-17 20:00,0
19-04-17 21:00,0
19-04-17 22:00,0
19-04-17 23:00,0
20-04-17 0:00,0
20-04-17 1:00,0
20-04-17 2:00,0
20-04-17 3:00,0
20-04-17 4:00,0
20-04-17 5:00,0
20-04-17 6:00,0
20-04-17 7:00,451.1757688
20-04-17 8:00,451.1757688
20-04-17 9:00,451.1757688
20-04-17 10:00,451.1757688
20-04-17 11:00,451.1757688
20-04-17 12:00,451.1757688
20-04-17 13:00,451.1757688
20-04-17 14:00,451.1757688
20-04-17 15:00,451.1757688
20-04-17 16:00,451.1757688
20-04-17 17:00,0
20-04-17 18:00,0
20-04-17 19:00,0
20-04-17 20:00,0
20-04-17 21:00,0
20-04-17 22:00,0
20-04-17 23:00,0
21-04-17 0:00,0
21-04-17 1:00,0
21-04-17 2:00,0
21-04-17 3:00,0
21-04-17 4:00,0
21-04-17 5:00,0
21-04-17 6:00,0
21-04-17 7:00,451.1757688
21-04-17 8:00,451.1757688
21-04-17 9:00,451.1757688
21-04-17 10:00,451.1757688
21-04-17 11:00,451.1757688
21-04-17 12:00,451.1757688
21-04-17 13:00,451.1757688
21-04-17 14:00,451.1757688
21-04-17 15:00,451.1757688
21-04-17 16:00,451.1757688
21-04-17 17:00,0
21-04-17 18:00,0
21-04-17 19:00,0
21-04-17 20:00,0
21-04-17 21:00,0
21-04-17 22:00,0
21-04-17 23:00,0
22-04-17 0:00,0
22-04-17 1:00,0
22-04-17 2:00,0
22-04-17 3:00,0
22-04-17 4:00,0
22-04-17 5:00,0
22-04-17 6:00,0
22-04-17 7:00,0
22-04-17 8:00,0
22-04-17 9:00,0
22-04-17 10:00,0
22-04-17 11:00,0
22-04-17 12:00,0
22-04-17 13:00,0
22-04-17 14:00,0
22-04-17 15:00,0
22-04-17 16:00,0
22-04-17 17:00,0
22-04-17 18:00,0
22-04-17 19:00,0
22-04-17 20:00,0
22-04-17 21:00,0
22-04-17 22:00,0
22-04-17 23:00,0
23-04-17 0:00,0
23-04-17 1:00,0
23-04-17 2:00,0
23-04-17 3:00,0
23-04-17 4:00,0
23-04-17 5:00,0
23-04-17 6:00,0
23-04-17 7:00,0
23-04-17 8:00,0
23-04-17 9:00,0
23-04-17 10:00,0
23-04-17 11:00,0
23-04-17 12:00,0
23-04-17 13:00,0
23-04-17 14:00,0
23-04-17 15:00,0
23-04-17 16:00,0
23-04-17 17:00,0
23-04-17 18:00,0
23-04-17 19:00,0
23-04-17 20:00,0
23-04-17 21:00,0
23-04-17 22:00,0
23-04-17 23:00,0
24-04-17 0:00,0
24-04-17 1:00,0
24-04-17 2:00,0
24-04-17 3:00,0
24-04-17 4:00,0
24-04-17 5:00,0
24-04-17 6:00,0
24-04-17 7:00,405.5175019
24-04-17 8:00,405.5175019
24-04-17 9:00,405.5175019
24-04-17 10:00,405.5175019
24-04-17 11:00,405.5175019
24-04-17 12:00,405.5175019
24-04-17 13:00,405.5175019
24-04-17 14:00,405.5175019
24-04-17 15:00,405.5175019
24-04-17 16:00,405.5175019
24-04-17 17:00,0
24-04-17 18:00,0
24-04-17 19:00,0
24-04-17 20:00,0
24-04-17 21:00,0
24-04-17 22:00,0
24-04-17 23:00,0
25-04-17 0:00,0
25-04-17 1:00,0
25-04-17 2:00,0
25-04-17 3:00,0
25-04-17 4:00,0
25-04-17 5:00,0
25-04-17 6:00,0
25-04-17 7:00,405.5175019
25-04-17 8:00,405.5175019
25-04-17 9:00,405.5175019
25-04-17 10:00,405.5175019
25-04-17 11:00,405.5175019
25-04-17 12:00,405.5175019
25-04-17 13:00,405.5175019
25-04-17 14:00,405.5175019
25-04-17 15:00,405.5175019
25-04-17 16:00,405.5175019
25-04-17 17:00,0
25-04-17 18:00,0
25-04-17 19:00,0
25-04-17 20:00,0
25-04-17 21:00,0
25-04-17 22:00,0
25-04-17 23:00,0
26-04-17 0:00,0
26-04-17 1:00,0
26-04-17 2:00,0
26-04-17 3:00,0
26-04-17 4:00,0
26-04-17 5:00,0
26-04-17 6:00,0
26-04-17 7:00,405.5175019
26-04-17 8:00,405.5175019
26-04-17 9:00,405.5175019
26-04-17 10:00,405.5175019
26-04-17 11:00,405.5175019
26-04-17 12:00,405.5175019
26-04-17 13:00,405.5175019
26-04-17 14:00,405.5175019
26-04-17 15:00,405.5175019
26-04-17 16:00,405.5175019
26-04-17 17:00,0
26-04-17 18:00,0
26-04-17 19:00,0
26-04-17 20:00,0
26-04-17 21:00,0
26-04-17 22:00,0
26-04-17 23:00,0
27-04-17 0:00,0
27-04-17 1:00,0
27-04-17 2:00,0
27-04-17 3:00,0
27-04-17 4:00,0
27-04-17 5:00,0
27-04-17 6:00,0
27-04-17 7:00,405.5175019
27-04-17 8:00,405.5175019
27-04-17 9:00,405.5175019
27-04-17 10:00,405.5175019
27-04-17 11:00,405.5175019
27-04-17 12:00,405.5175019
27-04-17 13:00,405.5175019
27-04-17 14:00,405.5175019
27-04-17 15:00,405.5175019
27-04-17 16:00,405.5175019
27-04-17 17:00,0
27-04-17 18:00,0
27-04-17 19:00,0
27-04-17 20:00,0
27-04-17 21:00,0
27-04-17 22:00,0
27-04-17 23:00,0
28-04-17 0:00,0
28-04-17 1:00,0
28-04-17 2:00,0
28-04-17 3:00,0
28-04-17 4:00,0
28-04-17 5:00,0
28-04-17 6:00,0
28-04-17 7:00,405.5175019
28-04-17 8:00,405.5175019
28-04-17 9:00,405.5175019
28-04-17 10:00,405.5175019
28-04-17 11:00,405.5175019
28-04-17 12:00,405.5175019
28-04-17 13:00,405.5175019
28-04-17 14:00,405.5175019
28-04-17 15:00,405.5175019
28-04-17 16:00,405.5175019
28-04-17 17:00,0
28-04-17 18:00,0
28-04-17 19:00,0
28-04-17 20:00,0
28-04-17 21:00,0
28-04-17 22:00,0
28-04-17 23:00,0
29-04-17 0:00,0
29-04-17 1:00,0
29-04-17 2:00,0
29-04-17 3:00,0
29-04-17 4:00,0
29-04-17 5:00,0
29-04-17 6:00,0
29-04-17 7:00,0
29-04-17 8:00,0
29-04-17 9:00,0
29-04-17 10:00,0
29-04-17 11:00,0
29-04-17 12:00,0
29-04-17 13:00,0
29-04-17 14:00,0
29-04-17 15:00,0
29-04-17 16:00,0
29-04-17 17:00,0
29-04-17 18:00,0
29-04-17 19:00,0
29-04-17 20:00,0
29-04-17 21:00,0
29-04-17 22:00,0
29-04-17 23:00,0
30-04-17 0:00,0
30-04-17 1:00,0
30-04-17 2:00,0
30-04-17 3:00,0
30-04-17 4:00,0
30-04-17 5:00,0
30-04-17 6:00,0
30-04-17 7:00,0
30-04-17 8:00,0
30-04-17 9:00,0
30-04-17 10:00,0
30-04-17 11:00,0
30-04-17 12:00,0
30-04-17 13:00,0
30-04-17 14:00,0
30-04-17 15:00,0
30-04-17 16:00,0
30-04-17 17:00,0
30-04-17 18:00,0
30-04-17 19:00,0
30-04-17 20:00,0
30-04-17 21:00,0
30-04-17 22:00,0
30-04-17 23:00,0
01-05-17 0:00,0
01-05-17 1:00,0
01-05-17 2:00,0
01-05-17 3:00,0
01-05-17 4:00,0
01-05-17 5:00,0
01-05-17 6:00,0
01-05-17 7:00,261.3335012
01-05-17 8:00,261.3335012
01-05-17 9:00,261.3335012
01-05-17 10:00,261.3335012
01-05-17 11:00,261.3335012
01-05-17 12:00,261.3335012
01-05-17 13:00,261.3335012
01-05-17 14:00,261.3335012
01-05-17 15:00,261.3335012
01-05-17 16:00,261.3335012
01-05-17 17:00,0
01-05-17 18:00,0
01-05-17 19:00,0
01-05-17 20:00,0
01-05-17 21:00,0
01-05-17 22:00,0
01-05-17 23:00,0
02-05-17 0:00,0
02-05-17 1:00,0
02-05-17 2:00,0
02-05-17 3:00,0
02-05-17 4:00,0
02-05-17 5:00,0
02-05-17 6:00,0
02-05-17 7:00,261.3335012
02-05-17 8:00,261.3335012
02-05-17 9:00,261.3335012
02-05-17 10:00,261.3335012
02-05-17 11:00,261.3335012
02-05-17 12:00,261.3335012
02-05-17 13:00,261.3335012
02-05-17 14:00,261.3335012
02-05-17 15:00,261.3335012
02-05-17 16:00,261.3335012
02-05-17 17:00,0
02-05-17 18:00,0
02-05-17 19:00,0
02-05-17 20:00,0
02-05-17 21:00,0
02-05-17 22:00,0
02-05-17 23:00,0
03-05-17 0:00,0
03-05-17 1:00,0
03-05-17 2:00,0
03-05-17 3:00,0
03-05-17 4:00,0
03-05-17 5:00,0
03-05-17 6:00,0
03-05-17 7:00,261.3335012
03-05-17 8:00,261.3335012
03-05-17 9:00,261.3335012
03-05-17 10:00,261.3335012
03-05-17 11:00,261.3335012
03-05-17 12:00,261.3335012
03-05-17 13:00,261.3335012
03-05-17 14:00,261.3335012
03-05-17 15:00,261.3335012
03-05-17 16:00,261.3335012
03-05-17 17:00,0
03-05-17 18:00,0
03-05-17 19:00,0
03-05-17 20:00,0
03-05-17 21:00,0
03-05-17 22:00,0
03-05-17 23:00,0
04-05-17 0:00,0
04-05-17 1:00,0
04-05-17 2:00,0
04-05-17 3:00,0
04-05-17 4:00,0
04-05-17 5:00,0
04-05-17 6:00,0
04-05-17 7:00,261.3335012
04-05-17 8:00,261.3335012
04-05-17 9:00,261.3335012
04-05-17 10:00,261.3335012
04-05-17 11:00,261.3335012
04-05-17 12:00,261.3335012
04-05-17 13:00,261.3335012
04-05-17 14:00,261.3335012
04-05-17 15:00,261.3335012
04-05-17 16:00,261.3335012
04-05-17 17:00,0
04-05-17 18:00,0
04-05-17 19:00,0
04-05-17 20:00,0
04-05-17 21:00,0
04-05-17 22:00,0
04-05-17 23:00,0
05-05-17 0:00,0
05-05-17 1:00,0
05-05-17 2:00,0
05-05-17 3:00,0
05-05-17 4:00,0
05-05-17 5:00,0
05-05-17 6:00,0
05-05-17 7:00,261.3335012
05-05-17 8:00,261.3335012
05-05-17 9:00,261.3335012
05-05-17 10:00,261.3335012
05-05-17 11:00,261.3335012
05-05-17 12:00,261.3335012
05-05-17 13:00,261.3335012
05-05-17 14:00,261.3335012
05-05-17 15:00,261.3335012
05-05-17 16:00,261.3335012
05-05-17 17:00,0
05-05-17 18:00,0
05-05-17 19:00,0
05-05-17 20:00,0
05-05-17 21:00,0
05-05-17 22:00,0
05-05-17 23:00,0
06-05-17 0:00,0
06-05-17 1:00,0
06-05-17 2:00,0
06-05-17 3:00,0
06-05-17 4:00,0
06-05-17 5:00,0
06-05-17 6:00,0
06-05-17 7:00,0
06-05-17 8:00,0
06-05-17 9:00,0
06-05-17 10:00,0
06-05-17 11:00,0
06-05-17 12:00,0
06-05-17 13:00,0
06-05-17 14:00,0
06-05-17 15:00,0
06-05-17 16:00,0
06-05-17 17:00,0
06-05-17 18:00,0
06-05-17 19:00,0
06-05-17 20:00,0
06-05-17 21:00,0
06-05-17 22:00,0
06-05-17 23:00,0
07-05-17 0:00,0
07-05-17 1:00,0
07-05-17 2:00,0
07-05-17 3:00,0
07-05-17 4:00,0
07-05-17 5:00,0
07-05-17 6:00,0
07-05-17 7:00,0
07-05-17 8:00,0
07-05-17 9:00,0
07-05-17 10:00,0
07-05-17 11:00,0
07-05-17 12:00,0
07-05-17 13:00,0
07-05-17 14:00,0
07-05-17 15:00,0
07-05-17 16:00,0
07-05-17 17:00,0
07-05-17 18:00,0
07-05-17 19:00,0
07-05-17 20:00,0
07-05-17 21:00,0
07-05-17 22:00,0
07-05-17 23:00,0
08-05-17 0:00,0
08-05-17 1:00,0
08-05-17 2:00,0
08-05-17 3:00,0
08-05-17 4:00,0
08-05-17 5:00,0
08-05-17 6:00,0
08-05-17 7:00,130.3663673
08-05-17 8:00,130.3663673
08-05-17 9:00,130.3663673
08-05-17 10:00,130.3663673
08-05-17 11:00,130.3663673
08-05-17 12:00,130.3663673
08-05-17 13:00,130.3663673
08-05-17 14:00,130.3663673
08-05-17 15:00,130.3663673
08-05-17 16:00,130.3663673
08-05-17 17:00,0
08-05-17 18:00,0
08-05-17 19:00,0
08-05-17 20:00,0
08-05-17 21:00,0
08-05-17 22:00,0
08-05-17 23:00,0
09-05-17 0:00,0
09-05-17 1:00,0
09-05-17 2:00,0
09-05-17 3:00,0
09-05-17 4:00,0
09-05-17 5:00,0
09-05-17 6:00,0
09-05-17 7:00,130.3663673
09-05-17 8:00,130.3663673
09-05-17 9:00,130.3663673
09-05-17 10:00,130.3663673
09-05-17 11:00,130.3663673
09-05-17 12:00,130.3663673
09-05-17 13:00,130.3663673
09-05-17 14:00,130.3663673
09-05-17 15:00,130.3663673
09-05-17 16:00,130.3663673
09-05-17 17:00,0
09-05-17 18:00,0
09-05-17 19:00,0
09-05-17 20:00,0
09-05-17 21:00,0
09-05-17 22:00,0
09-05-17 23:00,0
10-05-17 0:00,0
10-05-17 1:00,0
10-05-17 2:00,0
10-05-17 3:00,0
10-05-17 4:00,0
10-05-17 5:00,0
10-05-17 6:00,0
10-05-17 7:00,130.3663673
10-05-17 8:00,130.3663673
10-05-17 9:00,130.3663673
10-05-17 10:00,130.3663673
10-05-17 11:00,130.3663673
10-05-17 12:00,130.3663673
10-05-17 13:00,130.3663673
10-05-17 14:00,130.3663673
10-05-17 15:00,130.3663673
10-05-17 16:00,130.3663673
10-05-17 17:00,0
10-05-17 18:00,0
10-05-17 19:00,0
10-05-17 20:00,0
10-05-17 21:00,0
10-05-17 22:00,0
10-05-17 23:00,0
11-05-17 0:00,0
11-05-17 1:00,0
11-05-17 2:00,0
11-05-17 3:00,0
11-05-17 4:00,0
11-05-17 5:00,0
11-05-17 6:00,0
11-05-17 7:00,130.3663673
11-05-17 8:00,130.3663673
11-05-17 9:00,130.3663673
11-05-17 10:00,130.3663673
11-05-17 11:00,130.3663673
11-05-17 12:00,130.3663673
11-05-17 13:00,130.3663673
11-05-17 14:00,130.3663673
11-05-17 15:00,130.3663673
11-05-17 16:00,130.3663673
11-05-17 17:00,0
11-05-17 18:00,0
11-05-17 19:00,0
11-05-17 20:00,0
11-05-17 21:00,0
11-05-17 22:00,0
11-05-17 23:00,0
12-05-17 0:00,0
12-05-17 1:00,0
12-05-17 2:00,0
12-05-17 3:00,0
12-05-17 4:00,0
12-05-17 5:00,0
12-05-17 6:00,0
12-05-17 7:00,130.3663673
12-05-17 8:00,130.3663673
12-05-17 9:00,130.3663673
12-05-17 10:00,130.3663673
12-05-17 11:00,130.3663673
12-05-17 12:00,130.3663673
12-05-17 13:00,130.3663673
12-05-17 14:00,130.3663673
12-05-17 15:00,130.3663673
12-05-17 16:00,130.3663673
12-05-17 17:00,0
12-05-17 18:00,0
12-05-17 19:00,0
12-05-17 20:00,0
12-05-17 21:00,0
12-05-17 22:00,0
12-05-17 23:00,0
13-05-17 0:00,0
13-05-17 1:00,0
13-05-17 2:00,0
13-05-17 3:00,0
13-05-17 4:00,0
13-05-17 5:00,0
13-05-17 6:00,0
13-05-17 7:00,0
13-05-17 8:00,0
13-05-17 9:00,0
13-05-17 10:00,0
13-05-17 11:00,0
13-05-17 12:00,0
13-05-17 13:00,0
13-05-17 14:00,0
13-05-17 15:00,0
13-05-17 16:00,0
13-05-17 17:00,0
13-05-17 18:00,0
13-05-17 19:00,0
13-05-17 20:00,0
13-05-17 21:00,0
13-05-17 22:00,0
13-05-17 23:00,0
14-05-17 0:00,0
14-05-17 1:00,0
14-05-17 2:00,0
14-05-17 3:00,0
14-05-17 4:00,0
14-05-17 5:00,0
14-05-17 6:00,0
14-05-17 7:00,0
14-05-17 8:00,0
14-05-17 9:00,0
14-05-17 10:00,0
14-05-17 11:00,0
14-05-17 12:00,0
14-05-17 13:00,0
14-05-17 14:00,0
14-05-17 15:00,0
14-05-17 16:00,0
14-05-17 17:00,0
14-05-17 18:00,0
14-05-17 19:00,0
14-05-17 20:00,0
14-05-17 21:00,0
14-05-17 22:00,0
14-05-17 23:00,0
